colonia,alcaldia,n_periodos_con_datos,viajes_total_acumulado,km_ciclovia,establecimientos_denue_relacionados,aperturas_denue_en_ventana_panel,accidentes_ciclistas_en_ventana_panel,victimas_ciclistas_en_ventana_panel,poblacion_colonia_2020,poblacion_alcaldia_2020,indice_uso_ecobici_promedio,indice_demanda_compuesto_promedio,tendencia_pendiente_theilsen,tendencia_categoria
Roma Norte,Cuauhtemoc,25,6550585,18.132130641303046,22,3,45,26,25414.143707893338,545884,5.432023969608913,2.3626154278894185,0.0011434535532151928,Estable
Centro,Cuauhtemoc,25,3860983,5.344333172152654,203,16,45,26,31514.09304003132,545884,2.9682502534609743,1.7750787393855496,-0.00192505815472261,Estable
Juarez,Cuauhtemoc,25,4587465,11.94795826976694,18,1,45,26,8881.881724163952,545884,3.636133467542416,1.5499078613163468,-0.00269692814219324,Estable
Cuauhtemoc,Cuauhtemoc,25,3758341,3.3357183012360077,12,2,45,26,11939.533285947571,545884,2.893872064533318,1.5448919335462608,-0.006177889311439459,Estable
Polanco,Miguel Hidalgo,25,4497080,22.74234618955419,0,0,12,11,31364.847127472596,414470,3.5210193233934968,1.1327485927377787,0.006182705581477344,Estable
Hipodromo,Cuauhtemoc,25,3270942,8.665113258638913,7,0,45,26,11858.33224859694,545884,2.4573964543091478,1.1089970616929345,-0.007792636171937892,Estable
Santa Maria la Ribera,Cuauhtemoc,25,2079824,4.1955649470906895,12,1,45,26,42345.18602760298,545884,1.2280119317246527,0.9397647804436245,0.021535826652007366,Creciente
Roma Sur,Cuauhtemoc,25,2224350,6.398193686672896,13,1,45,26,19020.550774655458,545884,1.4483578474645447,0.7602185006328057,0.002378063424563207,Estable
Condesa,Cuauhtemoc,25,2013862,2.2718878064356542,4,0,45,26,8733.129884759386,545884,1.2877391374139657,0.744976796000004,-0.006169205643845821,Estable
San Rafael,Cuauhtemoc,25,1846179,4.97218850793591,7,0,45,26,21729.96513567864,545884,1.1238143255346542,0.6719879707201609,-0.0021811529256378897,Estable
Buenavista,Cuauhtemoc,25,1585338,3.767136694628792,4,1,45,26,16095.066813605745,545884,0.8950561106914106,0.5600855232418751,-0.005436813174642027,Estable
Doctores,Cuauhtemoc,25,1548337,11.288781286734237,10,3,45,26,50109.728848962026,545884,0.7728974073282997,0.5149172849348846,0.01566960739182329,Estable
Escandon,Miguel Hidalgo,25,1624040,6.052793610961007,0,0,12,11,27153.64059262174,414470,0.9057617269036814,0.43610055526108743,0.0012939851991024104,Estable
Del Valle Norte,Benito Juarez,25,1561066,,8,0,28,19,,434153,0.8372870038666802,0.42944051842255254,0.0004401052663221824,Estable
Narvarte Poniente,Benito Juarez,25,1337169,,12,0,28,19,,434153,0.653097643448846,0.33734583821363545,-0.003998325298273089,Estable
Del Valle Sur,Benito Juarez,25,1249846,,4,0,28,19,,434153,0.5642221410412575,0.29290808700984117,-0.0022752110480828095,Estable
Obrera,Cuauhtemoc,17,582114,6.431290152408508,18,6,45,26,34618.95757482006,545884,0.09414291844980525,0.2835890981074089,0.003957102722591278,Estable
Portales,Benito Juarez,17,763449,6.96023842576016,0,0,28,19,40872.00361785096,434153,0.3149257870043305,0.25364032198026076,0.009985662014632664,Estable
Narvarte,Benito Juarez,17,753506,8.827615638051679,0,0,28,19,49304.1456234127,434153,0.3027723370207045,0.24890343036386464,0.006189906649256595,Estable
Napoles,Benito Juarez,25,1137443,6.874044181937556,5,3,28,19,21044.856422728015,434153,0.4810004521838937,0.20869272550742982,-0.005652440786288112,Estable
Tabacalera,Cuauhtemoc,25,1219936,5.865490295769558,3,0,45,26,4173.904472831688,545884,0.5499191927334096,0.19665291868848292,-0.0018024792045498506,Estable
Anahuac,Miguel Hidalgo,21,652377,3.870025444174845,1,0,12,11,36655.77548536034,414470,0.060137892322788856,0.18770675674866538,0.007076370585313206,Estable
Hipodromo Condesa,Cuauhtemoc,25,678207,0.5545874836292937,4,1,45,26,3606.783556442895,545884,0.05501857644161436,0.15543014825889212,-0.003059771067615843,Estable
San Pedro de los Pinos,Benito Juarez,25,719837,2.3872439082131787,3,0,28,19,15584.34031547826,434153,0.08447501964093583,0.11683427581513384,-0.003422269688853884,Estable
Anzures,Miguel Hidalgo,25,799365,0.3519898855122308,9,1,12,11,6321.012789472237,414470,0.16036449954513085,0.11217873865854772,-0.00038071102434718653,Estable
Del Valle Centro,Benito Juarez,25,846433,,6,0,28,19,,434153,0.19838069938306296,0.10998736618074395,-0.0032817988194030236,Estable
San Miguel Chapultepec,Miguel Hidalgo,25,1013166,5.825950295810988,0,0,12,11,11771.838503104907,414470,0.34276780039244287,0.028734326959469713,0.003438609162433944,Estable
Bosque de Chapultepec,Miguel Hidalgo,25,758649,,1,0,12,11,,414470,0.12103204131366035,0.020929963794311255,-0.0008431250141500275,Estable
Alamos,Benito Juarez,17,440929,4.0865002385792435,4,0,28,19,21647.84917904753,434153,-0.07830194780858668,0.00026226349290797945,0.005797012785814056,Estable
Santa Cruz Atoyac,Benito Juarez,25,531362,,3,0,28,19,,434153,-0.09508895082315771,-0.03674745892236642,-0.0030523267133794477,Estable
Algarin,Cuauhtemoc,16,199238,1.3106186856425484,3,1,45,26,6026.38004158699,545884,-0.36487052471435966,-0.04719673380929016,-0.005048800323960505,Estable
Insurgentes Mixcoac,Benito Juarez,25,665130,3.889564477782453,5,1,28,19,5782.867867230586,434153,0.028507882334483564,-0.050247184169054285,-0.0018075905241121308,Estable
Anahuac I Seccion,Miguel Hidalgo,25,567008,,3,0,12,11,,414470,-0.05982990582866014,-0.069501009776849,0.0010228563238281127,Estable
Granada,Miguel Hidalgo,25,552490,5.867978457022641,4,0,12,11,23404.36878284745,414470,-0.06999302925593973,-0.07742932078863132,0.0004206446618526449,Estable
General Pedro Maria Anaya,Benito Juarez,25,280817,0.6398460863398647,0,0,28,19,7834.563041735815,434153,-0.30917264180095516,-0.08001230478674458,-0.00484024643703122,Estable
Actipan,Benito Juarez,25,445332,1.9630723821160991,1,0,28,19,4135.995638377992,434153,-0.15967075364584848,-0.08900877997997939,-0.004695448191923198,Estable
Tlaxpana,Miguel Hidalgo,20,302440,0.3701088006902779,2,0,12,11,8311.187275791783,414470,-0.2815835651240172,-0.09207637983685324,0.0032111196093390416,Estable
San Jose Insurgentes,Benito Juarez,25,390773,1.925632631520763,4,1,28,19,6844.609186001575,434153,-0.23098989770221706,-0.09446450819376556,-0.0007866678194666189,Estable
Vertiz Narvarte,Benito Juarez,17,257084,0.6028232032461439,0,0,28,19,7125.904919317074,434153,-0.303015760275795,-0.10401231014245947,0.002132619475677607,Estable
Tlacoquemecatl del Valle,Benito Juarez,25,453401,3.2942193128411565,0,0,28,19,7661.651665990737,434153,-0.159669360254469,-0.1098115310670284,-0.003583941486770388,Estable
Atlampa,Cuauhtemoc,21,142860,3.664565898107673,2,0,45,26,14447.333348567048,545884,-0.44939966489323474,-0.11406638852304193,-0.0021726283066081245,Estable
Popotla,Miguel Hidalgo,20,308002,3.057932288634092,6,1,12,11,15253.398928775398,414470,-0.2724317057415329,-0.1247593938883264,0.0016617763850411426,Estable
Agricultura,Miguel Hidalgo,21,286457,0.1979709234141713,0,0,12,11,4693.484414269831,414470,-0.3021344200585721,-0.1307330066700836,0.0014181920076562875,Estable
Irrigacion,Miguel Hidalgo,25,173868,0.0,4,1,12,11,10380.759331315392,414470,-0.41419643727194894,-0.1307413777518541,-9.588939967796636e-05,Estable
Veronica Anzures,Miguel Hidalgo,25,311403,0.0,2,0,12,11,3412.661028456114,414470,-0.28987390800206364,-0.13462439629319842,-0.00019787136777376393,Estable
Claveria,Azcapotzalco,16,193151,1.0210896022770786,3,0,11,10,9995.42539143723,432205,-0.3726424956015635,-0.13627566412788464,-0.0007628844345085256,Estable
Ciudad de los Deportes,Benito Juarez,25,270363,1.249022770273093,2,0,28,19,5037.696323928133,434153,-0.3273951341080138,-0.1372583216772965,-0.003990377673874197,Estable
Nonoalco,Benito Juarez,25,159946,0.973158678886878,0,0,28,19,9322.714911440162,434153,-0.42564689307709286,-0.1381584331630752,-0.003735769194258661,Estable
San Simon Ticumac,Benito Juarez,17,222415,2.163348403377232,5,0,28,19,12278.610656857218,434153,-0.3445571440516583,-0.14024483491950218,0.0027905340058689337,Estable
Acacias,Benito Juarez,25,228948,1.2848066693068314,1,0,28,19,5864.753876507198,434153,-0.36211030980954606,-0.14876368881571966,-0.003438281937224562,Estable
Ampliacion Napoles,Benito Juarez,25,278154,,3,0,28,19,,434153,-0.323913183420492,-0.15115957522103357,-0.0028040185180268204,Estable
Del Carmen,Coyoacan,24,606823,4.912313884263389,6,0,5,1,10249.105797046055,614447,-0.0350168295135286,-0.15428651323434886,0.006723811692788831,Estable
Ampliacion Granada,Miguel Hidalgo,25,369379,,0,0,12,11,,414470,-0.2476791106987614,-0.16342561221189963,0.002701103913888771,Estable
Del valle Centro,Benito Juarez,25,230777,,6,0,28,19,,434153,-0.35970580912205086,-0.169055888071813,-0.003409242078847229,Estable
Portales Norte,Benito Juarez,25,227219,,7,0,28,19,,434153,-0.36289543295206833,-0.17065069998682172,-0.003871940361533285,Estable
Tacuba,Miguel Hidalgo,20,120931,1.4069478055899691,3,1,12,11,13195.032242363868,414470,-0.4701710027265834,-0.17756340220351846,0.00030045899670529206,Estable
Niños Heroes de Chapultepec,Benito Juarez,17,100240,0.946962165153755,0,0,28,19,10997.120795317016,434153,-0.4940908634705388,-0.1790142876318902,0.000494894445103232,Estable
Santa Catarina,Coyoacan,17,212216,0.0,2,0,5,1,3312.528924892983,614447,-0.35760068194255173,-0.17960930560289928,0.0032847631753058415,Estable
Piedad Narvarte,Benito Juarez,16,168836,0.9846862244474108,1,0,28,19,4740.847301839064,434153,-0.40497028814743286,-0.19055161856449038,0.0008280860605340595,Estable
Extremadura Insurgentes,Benito Juarez,23,192060,1.30914280194569,0,0,28,19,3296.9854833383597,434153,-0.3979664483057347,-0.19583956201996233,-0.0028389436970066018,Estable
Xoco,Benito Juarez,21,117511,0.5389930024546307,1,0,28,19,5448.491814157558,434153,-0.47310657190688954,-0.1968736064224628,-0.0014704294144256944,Estable
Letran Valle,Benito Juarez,25,252448,3.8441576507053528,2,0,28,19,10982.887102901606,434153,-0.35226523576720115,-0.198377909486729,-0.0008380493109248304,Estable
Insurgentes San Borja,Benito Juarez,25,121426,0.2937713621713649,1,0,28,19,890.4060543120113,434153,-0.46064354638237914,-0.2031132165368949,-0.0036797837339854317,Estable
Independencia,Benito Juarez,17,92663,1.1133709978210002,6,0,28,19,9025.768352823095,434153,-0.5038348782323585,-0.207606027665105,0.0006609604499749978,Estable
Noche Buena,Benito Juarez,25,126233,0.7990986847027288,0,0,28,19,1823.02535011251,434153,-0.4486928760114568,-0.20858806451443293,-0.005253622754074132,Estable
Americas Unidas,Benito Juarez,17,182217,,1,0,28,19,,434153,-0.3942107077480059,-0.20861929946501198,0.0020516984337813457,Estable
Cuauhtemoc Pensil,Miguel Hidalgo,25,141845,0.5598909029235637,0,0,12,11,6363.47192724256,414470,-0.44645666897313857,-0.20881379315576276,0.00015770877132837184,Estable
Postal,Benito Juarez,17,120070,0.5485578509484828,0,0,28,19,4091.5582470496984,434153,-0.46965334246936125,-0.21179175441508843,0.0005467082245778675,Estable
Angel Zimbron,Azcapotzalco,16,106089,0.0166503257397502,1,0,11,10,2714.2772001119547,432205,-0.4862299487548757,-0.21782909662220226,-0.0011816430348773966,Estable
Centro Urbano Presidente Aleman,Benito Juarez,25,60307,0.1663693200522399,0,0,28,19,770.0035912182456,434153,-0.5143135180513257,-0.22605691400343747,-0.0044003816124957625,Estable
Nueva Santa Maria,Azcapotzalco,16,164706,2.875477552655641,3,0,11,10,9734.375890121548,432205,-0.40845488363074967,-0.2284507413920757,0.0001407715256784856,Estable
Residencial Emperadores,Benito Juarez,25,45930,0.4684523919364831,0,0,28,19,1609.028237814523,434153,-0.5281753990974386,-0.23736800624063306,-0.0038199596183034912,Estable
Mariano Escobedo,Miguel Hidalgo,25,184955,,3,0,12,11,,414470,-0.3993740551798083,-0.23927308445242307,-0.001319110267020969,Estable
San Alvaro,Azcapotzalco,15,51868,0.3243558502787198,2,0,11,10,6423.966589900932,432205,-0.556767136556483,-0.24007491730438654,-0.0006059259544960264,Estable
Josefa Ortiz de Dominguez,Benito Juarez,16,84209,0.1865888108786696,0,0,28,19,1470.5391406797382,434153,-0.5138667773765413,-0.2426525394454284,0.001652027325635158,Estable
Tlatilco,Azcapotzalco,15,91693,1.1939827884784224,1,0,11,10,6231.427611218678,432205,-0.5013752869011362,-0.24782177135395103,0.00035892864611423596,Estable
Victoria de las Democracias,Azcapotzalco,15,54800,0.0,0,0,11,10,3681.8672614835145,432205,-0.5526972457209165,-0.24945754293966635,-0.0001637062542486237,Estable
Modelo Pensil,Miguel Hidalgo,25,105285,0.7476168143891591,1,1,12,11,3623.8820318664634,414470,-0.47534625873044534,-0.2494967343049494,-0.00029140851174019346,Estable
Nextitla,Miguel Hidalgo,20,85409,0.0,0,0,12,11,1267.4761951362534,414470,-0.5082831458292708,-0.2527303218532003,-0.0006915137601135907,Estable
Florida,Alvaro Obregon,16,108073,1.3770348423031933,5,1,9,8,6905.408597846009,759137,-0.483845448027019,-0.25500288915335045,0.0031330273552592743,Estable
Guadalupe Chimalistac,Alvaro Obregon,16,160048,,0,0,9,8,,759137,-0.41617106658145975,-0.25605919409935707,0.003592499037426259,Estable
Credito Constructor,Benito Juarez,24,56295,1.1660566332495608,1,0,28,19,1730.8238934596482,434153,-0.5217945658875845,-0.26114212348954274,-0.004296128475663406,Estable
Villa Coyoacan,Coyoacan,16,82147,0.0,1,0,5,1,2296.916059758132,614447,-0.5169525969912827,-0.26581212344023386,0.002670836826796321,Estable
Lomas de Chapultepec Seccion III,Miguel Hidalgo,25,117359,,0,0,12,11,,414470,-0.4637594513711997,-0.27146578254811876,-0.0007682267034075142,Estable
Plutarco Elias Calles,Miguel Hidalgo,20,153863,1.446577656516791,0,0,12,11,1215.7573736578108,414470,-0.4352217015304259,-0.27280539429823325,1.08172390781939e-05,Estable
San Diego Churubusco,Coyoacan,16,90767,0.4690852998004653,2,0,5,1,2549.473836862634,614447,-0.5056797800779627,-0.27617331691733815,0.0028215271070111594,Estable
Polanco Seccion I/ Los Morales,Miguel Hidalgo,25,100139,,0,0,12,11,,414470,-0.47786451211794406,-0.278518312921491,-0.0014373957337385766,Estable
Parque San Andres,Coyoacan,19,153620,1.5067941131304357,2,0,5,1,3383.228947907367,614447,-0.4349126088772912,-0.28079947868302907,0.003332530559490515,Estable
Lomas de Chapultepec Seccion IV/Lomas Virreyes,Miguel Hidalgo,25,97967,,0,0,12,11,,414470,-0.4835046047886354,-0.28133835925683665,-0.0004937671577763347,Estable
San Mateo,Coyoacan,17,67005,0.1966449891211842,0,0,5,1,2531.2450906273116,614447,-0.5345747773872251,-0.2825701835844269,0.002082363383475689,Estable
Axotla,Alvaro Obregon,16,58883,0.0,0,0,9,8,1828.601117285683,759137,-0.547118957315164,-0.28550370551588955,0.0027228520867676907,Estable
Lomas de Chapultepec Seccion V,Miguel Hidalgo,25,82998,,0,0,12,11,,414470,-0.49432367719725223,-0.28674789546114504,-0.0010222609032844998,Estable
Sector Naval,Azcapotzalco,15,54816,0.3500790733050434,1,0,11,10,826.6849385743901,432205,-0.5524263335335066,-0.2879098367611956,-3.186685850705998e-05,Estable
Ignacio Allende,Azcapotzalco,15,20870,0.025278033052702,0,0,11,10,1876.584185040144,432205,-0.5995710012111458,-0.28968175072544555,-0.0007934090527991026,Estable
San Salvador Xochimanca,Azcapotzalco,16,64735,1.098436692815504,0,0,11,10,2295.818552063357,432205,-0.539195222442796,-0.289968107794492,-0.0023925585456792296,Estable
Santo Tomas,Miguel Hidalgo,20,55879,0.5103318015536391,1,0,12,11,493.7821043403027,414470,-0.5385405003480696,-0.2944430117838413,-0.001775942537514754,Estable
Hogar y Seguridad,Azcapotzalco,16,47681,,0,0,11,10,,432205,-0.5607392454765459,-0.2982213554728135,-0.0016178839578781037,Estable
Del Recreo,Azcapotzalco,15,24053,1.764152132855893,2,0,11,10,8276.649616790746,432205,-0.5951084050598465,-0.2989141849456667,-0.0006577668660950831,Estable
Obrero Popular,Azcapotzalco,16,30739,1.1920263999701008,0,0,11,10,3440.637112539797,432205,-0.5834567875803507,-0.30570841906926827,-0.0018995193629397689,Estable
Guadalupe Inn,Alvaro Obregon,16,187286,3.2071646311617106,5,0,9,8,3936.8978121303594,759137,-0.3801222243531399,-0.30804131943106117,0.004480199800390784,Estable
Unidad Habitacional Cuitláhuac,Azcapotzalco,15,42627,,0,0,11,10,,432205,-0.5695685687674407,-0.31014884470103893,-0.00044324528193080096,Estable
Un Hogar para Nosotros,Miguel Hidalgo,20,66269,1.423447140441596,0,0,12,11,931.0023952670608,414470,-0.5270094887395539,-0.3202945741527823,-0.0014864878018983553,Estable
Barrio la Concepcion,Coyoacan,19,54997,,0,0,5,1,,614447,-0.5427752966473476,-0.3258813025262642,0.0009815122581818825,Estable
Barrio San Lucas,Coyoacan,19,26311,,0,0,5,1,,614447,-0.5745620618976401,-0.34177468515141046,0.0011851351484084005,Estable
Agricola,Alvaro Obregon,16,26193,,0,0,9,8,,759137,-0.5893817924813808,-0.3426645570493176,0.0027285213830419205,Estable
San Angel,Alvaro Obregon,15,47443,2.577240782557102,5,1,9,8,3739.3219445070185,759137,-0.5632791640173022,-0.350888770607151,0.002167094628750657,Estable
Molino del Rey,Miguel Hidalgo,25,106481,7.955732757130039,1,0,12,11,512.6837024456141,414470,-0.4728463662516815,-0.5603253731981522,-0.0012119513073607486,Estable
