evaluation_scope,model,horizon,origin_period,target_period,train_MAE,validation_MAE,validation_train_mae_ratio,large_gap_flag,n_train,n_validation,max_train_label_period
EVALUATION_ALL,LGBM_TEMPORAL,1,2025-01,2025-02,663.5111384365683,1509.5922441533876,2.275157351104068,False,1112,53,2025-01
EVALUATION_SPATIAL_COMPARABLE,LGBM_TEMPORAL,1,2025-01,2025-02,663.5111384365683,,,False,1112,0,2025-01
EVALUATION_ALL,LGBM_TEMPORAL_SPATIAL,1,2025-01,2025-02,646.1534688898012,1392.0418544634895,2.154351746892651,False,1112,53,2025-01
EVALUATION_SPATIAL_COMPARABLE,LGBM_TEMPORAL_SPATIAL,1,2025-01,2025-02,646.1534688898012,,,False,1112,0,2025-01
EVALUATION_ALL,LGBM_TEMPORAL,1,2025-02,2025-03,675.4718629323869,836.7598206413473,1.2387782031493813,False,1174,50,2025-02
EVALUATION_SPATIAL_COMPARABLE,LGBM_TEMPORAL,1,2025-02,2025-03,675.4718629323869,858.0139480663745,1.2702438031119878,False,1174,30,2025-02
EVALUATION_ALL,LGBM_TEMPORAL_SPATIAL,1,2025-02,2025-03,651.5243894318592,953.8234296817277,1.4639872967970986,False,1174,50,2025-02
EVALUATION_SPATIAL_COMPARABLE,LGBM_TEMPORAL_SPATIAL,1,2025-02,2025-03,651.5243894318592,962.626344395398,1.4774985557099791,False,1174,30,2025-02
EVALUATION_ALL,LGBM_TEMPORAL,1,2025-03,2025-04,660.6308893855422,1432.7277053327591,2.168726483052208,False,1225,59,2025-03
EVALUATION_SPATIAL_COMPARABLE,LGBM_TEMPORAL,1,2025-03,2025-04,660.6308893855422,1186.4754716899035,1.7959733502522919,False,1225,37,2025-03
EVALUATION_ALL,LGBM_TEMPORAL_SPATIAL,1,2025-03,2025-04,638.7836347815008,1330.199653075315,2.082394696179586,False,1225,59,2025-03
EVALUATION_SPATIAL_COMPARABLE,LGBM_TEMPORAL_SPATIAL,1,2025-03,2025-04,638.7836347815008,1181.9065112084434,1.8502454459603062,False,1225,37,2025-03
EVALUATION_ALL,LGBM_TEMPORAL,1,2025-04,2025-05,670.8301544801947,535.3076209845059,0.7979778747413331,False,1287,57,2025-04
EVALUATION_SPATIAL_COMPARABLE,LGBM_TEMPORAL,1,2025-04,2025-05,670.8301544801947,508.5914019218885,0.7581522663005215,False,1287,34,2025-04
EVALUATION_ALL,LGBM_TEMPORAL_SPATIAL,1,2025-04,2025-05,644.0543284958794,517.0757328252166,0.8028448997971835,False,1287,57,2025-04
EVALUATION_SPATIAL_COMPARABLE,LGBM_TEMPORAL_SPATIAL,1,2025-04,2025-05,644.0543284958794,472.1725456975345,0.7331253355601901,False,1287,34,2025-04
EVALUATION_ALL,LGBM_TEMPORAL,1,2025-05,2025-06,628.1607428324555,1419.7441699727867,2.2601606136209376,False,1353,72,2025-05
EVALUATION_SPATIAL_COMPARABLE,LGBM_TEMPORAL,1,2025-05,2025-06,628.1607428324555,695.5548075168384,1.1072879282148302,False,1353,47,2025-05
EVALUATION_ALL,LGBM_TEMPORAL_SPATIAL,1,2025-05,2025-06,607.7922057542772,1577.4207671697966,2.5953290487037406,False,1353,72,2025-05
EVALUATION_SPATIAL_COMPARABLE,LGBM_TEMPORAL_SPATIAL,1,2025-05,2025-06,607.7922057542772,872.8741941678848,1.4361391704334834,False,1353,47,2025-05
EVALUATION_ALL,LGBM_TEMPORAL,1,2025-06,2025-07,624.0452486572269,932.3612673791091,1.4940603576187674,False,1412,63,2025-06
EVALUATION_SPATIAL_COMPARABLE,LGBM_TEMPORAL,1,2025-06,2025-07,624.0452486572269,985.1776508582908,1.5786958605615877,False,1412,39,2025-06
EVALUATION_ALL,LGBM_TEMPORAL_SPATIAL,1,2025-06,2025-07,600.3510035329923,932.5431944372972,1.5533299502281073,False,1412,63,2025-06
EVALUATION_SPATIAL_COMPARABLE,LGBM_TEMPORAL_SPATIAL,1,2025-06,2025-07,600.3510035329923,932.5156783037539,1.5532841168183498,False,1412,39,2025-06
EVALUATION_ALL,LGBM_TEMPORAL,1,2025-07,2025-08,622.4831732571693,939.3355514543853,1.5090135634338078,False,1487,72,2025-07
EVALUATION_SPATIAL_COMPARABLE,LGBM_TEMPORAL,1,2025-07,2025-08,622.4831732571693,818.6606590185166,1.31515307431499,False,1487,54,2025-07
EVALUATION_ALL,LGBM_TEMPORAL_SPATIAL,1,2025-07,2025-08,605.7215191064435,871.9706988851309,1.439557075950441,False,1487,72,2025-07
EVALUATION_SPATIAL_COMPARABLE,LGBM_TEMPORAL_SPATIAL,1,2025-07,2025-08,605.7215191064435,718.4492075138332,1.186104810299104,False,1487,54,2025-07
EVALUATION_ALL,LGBM_TEMPORAL,1,2025-08,2025-09,621.7648343198167,435.651477233561,0.7006692131602208,False,1550,65,2025-08
EVALUATION_SPATIAL_COMPARABLE,LGBM_TEMPORAL,1,2025-08,2025-09,621.7648343198167,507.8971693853658,0.816863774454184,False,1550,45,2025-08
EVALUATION_ALL,LGBM_TEMPORAL_SPATIAL,1,2025-08,2025-09,605.1426325100837,433.9650322452746,0.7171285064567704,False,1550,65,2025-08
EVALUATION_SPATIAL_COMPARABLE,LGBM_TEMPORAL_SPATIAL,1,2025-08,2025-09,605.1426325100837,507.7100788547775,0.8389924153068449,False,1550,45,2025-08
EVALUATION_ALL,LGBM_TEMPORAL,1,2025-10,2025-11,592.8183521170012,590.7682329217365,0.9965417413480141,False,1668,53,2025-10
EVALUATION_SPATIAL_COMPARABLE,LGBM_TEMPORAL,1,2025-10,2025-11,592.8183521170012,611.9023348630227,1.0321919567399882,False,1668,31,2025-10
EVALUATION_ALL,LGBM_TEMPORAL_SPATIAL,1,2025-10,2025-11,583.3810350759622,681.2118514080051,1.1676962575914116,False,1668,53,2025-10
EVALUATION_SPATIAL_COMPARABLE,LGBM_TEMPORAL_SPATIAL,1,2025-10,2025-11,583.3810350759622,666.0321183275812,1.1416759858174974,False,1668,31,2025-10
EVALUATION_ALL,LGBM_TEMPORAL,1,2025-11,2025-12,598.3988045433078,726.2006402144865,1.2135730130154851,False,1736,71,2025-11
EVALUATION_SPATIAL_COMPARABLE,LGBM_TEMPORAL,1,2025-11,2025-12,598.3988045433078,751.9256442273652,1.2565627446418908,False,1736,45,2025-11
EVALUATION_ALL,LGBM_TEMPORAL_SPATIAL,1,2025-11,2025-12,583.5575823927469,753.1700122423434,1.2906524308263443,False,1736,71,2025-11
EVALUATION_SPATIAL_COMPARABLE,LGBM_TEMPORAL_SPATIAL,1,2025-11,2025-12,583.5575823927469,801.0157300921074,1.372642142370462,False,1736,45,2025-11
EVALUATION_ALL,LGBM_TEMPORAL,1,2025-12,2026-01,595.5286913825734,1376.5406963792766,2.3114599116685945,False,1803,73,2025-12
EVALUATION_SPATIAL_COMPARABLE,LGBM_TEMPORAL,1,2025-12,2026-01,595.5286913825734,1246.187436725894,2.0925732962298724,False,1803,48,2025-12
EVALUATION_ALL,LGBM_TEMPORAL_SPATIAL,1,2025-12,2026-01,579.1641749247514,1108.2458025888677,1.91352616506858,False,1803,73,2025-12
EVALUATION_SPATIAL_COMPARABLE,LGBM_TEMPORAL_SPATIAL,1,2025-12,2026-01,579.1641749247514,1018.021515215526,1.75774255261523,False,1803,48,2025-12
EVALUATION_ALL,LGBM_TEMPORAL,1,2026-01,2026-02,582.5693222989489,572.6434862199951,0.9829619657283287,False,1869,65,2026-01
EVALUATION_SPATIAL_COMPARABLE,LGBM_TEMPORAL,1,2026-01,2026-02,582.5693222989489,519.4212810701301,0.8916042455177309,False,1869,37,2026-01
EVALUATION_ALL,LGBM_TEMPORAL_SPATIAL,1,2026-01,2026-02,570.3172150072854,559.7170554204022,0.9814135724681784,False,1869,65,2026-01
EVALUATION_SPATIAL_COMPARABLE,LGBM_TEMPORAL_SPATIAL,1,2026-01,2026-02,570.3172150072854,530.2057830956473,0.9296682076988931,False,1869,37,2026-01
EVALUATION_ALL,LGBM_TEMPORAL,1,2026-02,2026-03,579.1592554183466,759.8447679395315,1.3119789778558741,False,1928,57,2026-02
EVALUATION_SPATIAL_COMPARABLE,LGBM_TEMPORAL,1,2026-02,2026-03,579.1592554183466,754.1506927329945,1.302147355287011,False,1928,34,2026-02
EVALUATION_ALL,LGBM_TEMPORAL_SPATIAL,1,2026-02,2026-03,559.8964784033409,789.7046442818242,1.4104476001239161,False,1928,57,2026-02
EVALUATION_SPATIAL_COMPARABLE,LGBM_TEMPORAL_SPATIAL,1,2026-02,2026-03,559.8964784033409,793.1399666944006,1.4165832386661927,False,1928,34,2026-02
EVALUATION_ALL,LGBM_TEMPORAL,1,2026-03,2026-04,568.4298467012892,611.712611981491,1.0761444275514036,False,1991,65,2026-03
EVALUATION_SPATIAL_COMPARABLE,LGBM_TEMPORAL,1,2026-03,2026-04,568.4298467012892,394.363004663289,0.6937760340204786,False,1991,40,2026-03
EVALUATION_ALL,LGBM_TEMPORAL_SPATIAL,1,2026-03,2026-04,559.0197631634807,609.3632817337929,1.0900567777522199,False,1991,65,2026-03
EVALUATION_SPATIAL_COMPARABLE,LGBM_TEMPORAL_SPATIAL,1,2026-03,2026-04,559.0197631634807,404.0599041550773,0.7228007501353997,False,1991,40,2026-03
EVALUATION_ALL,LGBM_TEMPORAL,1,2026-04,2026-05,559.329238124641,470.2517420334901,0.8407422855457791,False,2041,48,2026-04
EVALUATION_SPATIAL_COMPARABLE,LGBM_TEMPORAL,1,2026-04,2026-05,559.329238124641,495.7459672520705,0.8863222829441975,False,2041,25,2026-04
EVALUATION_ALL,LGBM_TEMPORAL_SPATIAL,1,2026-04,2026-05,550.0451425144081,444.35566772236007,0.8078530894593264,False,2041,48,2026-04
EVALUATION_SPATIAL_COMPARABLE,LGBM_TEMPORAL_SPATIAL,1,2026-04,2026-05,550.0451425144081,485.51951118924023,0.8826902987812902,False,2041,25,2026-04
EVALUATION_ALL,LGBM_TEMPORAL,1,2026-05,2026-06,556.9925809702505,822.1565500793914,1.4760637361582802,False,2109,65,2026-05
EVALUATION_SPATIAL_COMPARABLE,LGBM_TEMPORAL,1,2026-05,2026-06,556.9925809702505,833.1056671624261,1.495721299754481,False,2109,43,2026-05
EVALUATION_ALL,LGBM_TEMPORAL_SPATIAL,1,2026-05,2026-06,550.4522990509599,805.2712150246275,1.4629264268911282,False,2109,65,2026-05
EVALUATION_SPATIAL_COMPARABLE,LGBM_TEMPORAL_SPATIAL,1,2026-05,2026-06,550.4522990509599,842.941172034841,1.5313609798490513,False,2109,43,2026-05
EVALUATION_ALL,LGBM_TEMPORAL,1,2026-06,2026-07,554.8784816654154,495.42813601305653,0.8928588013110109,False,2154,43,2026-06
EVALUATION_SPATIAL_COMPARABLE,LGBM_TEMPORAL,1,2026-06,2026-07,554.8784816654154,603.3980527985616,1.0874417962425202,False,2154,26,2026-06
EVALUATION_ALL,LGBM_TEMPORAL_SPATIAL,1,2026-06,2026-07,547.3187443220929,574.3350652508828,1.0493612199637932,False,2154,43,2026-06
EVALUATION_SPATIAL_COMPARABLE,LGBM_TEMPORAL_SPATIAL,1,2026-06,2026-07,547.3187443220929,731.0236018818554,1.3356451052801026,False,2154,26,2026-06
EVALUATION_ALL,LGBM_TEMPORAL,1,2026-07,2026-08,553.3886315181279,443.75382859558994,0.8018846129495406,False,2216,62,2026-07
EVALUATION_SPATIAL_COMPARABLE,LGBM_TEMPORAL,1,2026-07,2026-08,553.3886315181279,413.6785824070572,0.7475371896820506,False,2216,42,2026-07
EVALUATION_ALL,LGBM_TEMPORAL_SPATIAL,1,2026-07,2026-08,553.6683548033802,475.6086389829604,0.8590135861238799,False,2216,62,2026-07
EVALUATION_SPATIAL_COMPARABLE,LGBM_TEMPORAL_SPATIAL,1,2026-07,2026-08,553.6683548033802,453.08748888534916,0.8183373403131383,False,2216,42,2026-07
EVALUATION_ALL,LGBM_TEMPORAL,3,2024-11,2025-02,1187.2704092568601,5286.6673133677305,4.452791269915315,True,943,55,2024-11
EVALUATION_SPATIAL_COMPARABLE,LGBM_TEMPORAL,3,2024-11,2025-02,1187.2704092568601,,,False,943,0,2024-11
EVALUATION_ALL,LGBM_TEMPORAL_SPATIAL,3,2024-11,2025-02,1099.6564984107856,5204.6214401130865,4.732952015138147,True,943,55,2024-11
EVALUATION_SPATIAL_COMPARABLE,LGBM_TEMPORAL_SPATIAL,3,2024-11,2025-02,1099.6564984107856,,,False,943,0,2024-11
EVALUATION_ALL,LGBM_TEMPORAL,3,2024-12,2025-03,1133.0239783340528,5200.334960885465,4.589783676539487,True,1030,74,2024-12
EVALUATION_SPATIAL_COMPARABLE,LGBM_TEMPORAL,3,2024-12,2025-03,1133.0239783340528,,,False,1030,0,2024-12
EVALUATION_ALL,LGBM_TEMPORAL_SPATIAL,3,2024-12,2025-03,1068.685668393944,4107.897401358951,3.843878067095664,True,1030,74,2024-12
EVALUATION_SPATIAL_COMPARABLE,LGBM_TEMPORAL_SPATIAL,3,2024-12,2025-03,1068.685668393944,,,False,1030,0,2024-12
EVALUATION_ALL,LGBM_TEMPORAL,3,2025-01,2025-04,1730.4567680126374,4664.777388095516,2.695691377169065,False,1059,53,2024-12
EVALUATION_SPATIAL_COMPARABLE,LGBM_TEMPORAL,3,2025-01,2025-04,1730.4567680126374,,,False,1059,0,2024-12
EVALUATION_ALL,LGBM_TEMPORAL_SPATIAL,3,2025-01,2025-04,1603.0413708397555,5026.5525230625735,3.135634934006355,True,1059,53,2024-12
EVALUATION_SPATIAL_COMPARABLE,LGBM_TEMPORAL_SPATIAL,3,2025-01,2025-04,1603.0413708397555,,,False,1059,0,2024-12
EVALUATION_ALL,LGBM_TEMPORAL,3,2025-02,2025-05,1743.9520800364608,1431.5688363819756,0.8208762458381573,False,1096,50,2025-02
EVALUATION_SPATIAL_COMPARABLE,LGBM_TEMPORAL,3,2025-02,2025-05,1743.9520800364608,1533.2388655733741,0.8791748827991414,False,1096,30,2025-02
EVALUATION_ALL,LGBM_TEMPORAL_SPATIAL,3,2025-02,2025-05,1594.4563350865983,1606.5480755647245,1.0075836134311382,False,1096,50,2025-02
EVALUATION_SPATIAL_COMPARABLE,LGBM_TEMPORAL_SPATIAL,3,2025-02,2025-05,1594.4563350865983,1839.4528440727042,1.1536552012086299,False,1096,30,2025-02
EVALUATION_ALL,LGBM_TEMPORAL,3,2025-03,2025-06,1746.114661508504,1873.4345563887448,1.072916113521575,False,1163,59,2025-03
EVALUATION_SPATIAL_COMPARABLE,LGBM_TEMPORAL,3,2025-03,2025-06,1746.114661508504,1260.1805861635291,0.7217055179382283,False,1163,37,2025-03
EVALUATION_ALL,LGBM_TEMPORAL_SPATIAL,3,2025-03,2025-06,1630.573929220025,1716.0932485945852,1.0524473731868556,False,1163,59,2025-03
EVALUATION_SPATIAL_COMPARABLE,LGBM_TEMPORAL_SPATIAL,3,2025-03,2025-06,1630.573929220025,1435.267188874709,0.8802220881584071,False,1163,37,2025-03
EVALUATION_ALL,LGBM_TEMPORAL,3,2025-04,2025-07,1770.16410745924,1401.2706767387676,0.7916049539328,False,1228,57,2025-04
EVALUATION_SPATIAL_COMPARABLE,LGBM_TEMPORAL,3,2025-04,2025-07,1770.16410745924,1192.873277538708,0.6738772255702711,False,1228,34,2025-04
EVALUATION_ALL,LGBM_TEMPORAL_SPATIAL,3,2025-04,2025-07,1661.728305597732,974.8000999318292,0.5866182195056181,False,1228,57,2025-04
EVALUATION_SPATIAL_COMPARABLE,LGBM_TEMPORAL_SPATIAL,3,2025-04,2025-07,1661.728305597732,792.6505692130968,0.47700371146291354,False,1228,34,2025-04
EVALUATION_ALL,LGBM_TEMPORAL,3,2025-05,2025-08,1716.128428051,1417.6117737174573,0.8260522642395903,False,1285,72,2025-05
EVALUATION_SPATIAL_COMPARABLE,LGBM_TEMPORAL,3,2025-05,2025-08,1716.128428051,860.2018955734987,0.5012456419420932,False,1285,47,2025-05
EVALUATION_ALL,LGBM_TEMPORAL_SPATIAL,3,2025-05,2025-08,1628.2476901058753,1448.9981016838062,0.8899125793260523,False,1285,72,2025-05
EVALUATION_SPATIAL_COMPARABLE,LGBM_TEMPORAL_SPATIAL,3,2025-05,2025-08,1628.2476901058753,985.15259814899,0.6050385356818356,False,1285,47,2025-05
EVALUATION_ALL,LGBM_TEMPORAL,3,2025-06,2025-09,1654.1304768425694,937.7043779657024,0.566886585486054,False,1341,63,2025-06
EVALUATION_SPATIAL_COMPARABLE,LGBM_TEMPORAL,3,2025-06,2025-09,1654.1304768425694,916.4239943683676,0.5540215885010791,False,1341,39,2025-06
EVALUATION_ALL,LGBM_TEMPORAL_SPATIAL,3,2025-06,2025-09,1574.9050841887863,857.003336388462,0.5441618958452303,False,1341,63,2025-06
EVALUATION_SPATIAL_COMPARABLE,LGBM_TEMPORAL_SPATIAL,3,2025-06,2025-09,1574.9050841887863,809.0321420467361,0.5137021590500854,False,1341,39,2025-06
EVALUATION_ALL,LGBM_TEMPORAL,3,2025-08,2025-11,1570.1134390969912,725.2412606396263,0.4619037342019882,False,1467,65,2025-08
EVALUATION_SPATIAL_COMPARABLE,LGBM_TEMPORAL,3,2025-08,2025-11,1570.1134390969912,804.9872794448136,0.5126937069641162,False,1467,45,2025-08
EVALUATION_ALL,LGBM_TEMPORAL_SPATIAL,3,2025-08,2025-11,1473.9865589185229,711.3197822728478,0.48258227184564656,False,1467,65,2025-08
EVALUATION_SPATIAL_COMPARABLE,LGBM_TEMPORAL_SPATIAL,3,2025-08,2025-11,1473.9865589185229,751.9703795517287,0.5101609475350006,False,1467,45,2025-08
EVALUATION_ALL,LGBM_TEMPORAL,3,2025-09,2025-12,1522.8632278635364,1510.3396335125847,0.9917762842244727,False,1524,54,2025-09
EVALUATION_SPATIAL_COMPARABLE,LGBM_TEMPORAL,3,2025-09,2025-12,1522.8632278635364,1243.287170377255,0.8164142042627782,False,1524,31,2025-09
EVALUATION_ALL,LGBM_TEMPORAL_SPATIAL,3,2025-09,2025-12,1470.3956909963645,1109.8228362871714,0.7547783518973298,False,1524,54,2025-09
EVALUATION_SPATIAL_COMPARABLE,LGBM_TEMPORAL_SPATIAL,3,2025-09,2025-12,1470.3956909963645,847.798823960129,0.5765786918116215,False,1524,31,2025-09
EVALUATION_ALL,LGBM_TEMPORAL,3,2025-10,2026-01,1483.3404766337683,1144.5892590265316,0.7716294923900515,False,1586,53,2025-10
EVALUATION_SPATIAL_COMPARABLE,LGBM_TEMPORAL,3,2025-10,2026-01,1483.3404766337683,1064.4611369221318,0.7176107938062717,False,1586,31,2025-10
EVALUATION_ALL,LGBM_TEMPORAL_SPATIAL,3,2025-10,2026-01,1435.4982856441184,1469.805246724755,1.0238989913284662,False,1586,53,2025-10
EVALUATION_SPATIAL_COMPARABLE,LGBM_TEMPORAL_SPATIAL,3,2025-10,2026-01,1435.4982856441184,1527.7856122538021,1.0642894021766622,False,1586,31,2025-10
EVALUATION_ALL,LGBM_TEMPORAL,3,2025-11,2026-02,1444.8613406156815,1442.1782513424625,0.998143012621491,False,1673,71,2025-11
EVALUATION_SPATIAL_COMPARABLE,LGBM_TEMPORAL,3,2025-11,2026-02,1444.8613406156815,1288.08641436734,0.8914948294058883,False,1673,45,2025-11
EVALUATION_ALL,LGBM_TEMPORAL_SPATIAL,3,2025-11,2026-02,1377.1159364371836,1684.2207606371428,1.2230057877294542,False,1673,71,2025-11
EVALUATION_SPATIAL_COMPARABLE,LGBM_TEMPORAL_SPATIAL,3,2025-11,2026-02,1377.1159364371836,1672.8382437409277,1.2147403130551409,False,1673,45,2025-11
EVALUATION_ALL,LGBM_TEMPORAL,3,2025-12,2026-03,1390.2084278712503,979.0217215148732,0.7042265763084139,False,1733,73,2025-12
EVALUATION_SPATIAL_COMPARABLE,LGBM_TEMPORAL,3,2025-12,2026-03,1390.2084278712503,747.5277422215904,0.5377091141407038,False,1733,48,2025-12
EVALUATION_ALL,LGBM_TEMPORAL_SPATIAL,3,2025-12,2026-03,1348.881674584488,1176.5669870074958,0.8722536670015385,False,1733,73,2025-12
EVALUATION_SPATIAL_COMPARABLE,LGBM_TEMPORAL_SPATIAL,3,2025-12,2026-03,1348.881674584488,1107.4047933729823,0.8209799378541556,False,1733,48,2025-12
EVALUATION_ALL,LGBM_TEMPORAL,3,2026-01,2026-04,1363.6938952503851,1850.799441275794,1.3571956637203926,False,1779,65,2026-01
EVALUATION_SPATIAL_COMPARABLE,LGBM_TEMPORAL,3,2026-01,2026-04,1363.6938952503851,688.3358371965423,0.5047583182662546,False,1779,37,2026-01
EVALUATION_ALL,LGBM_TEMPORAL_SPATIAL,3,2026-01,2026-04,1331.2276500442026,1718.1884010488022,1.2906796226714121,False,1779,65,2026-01
EVALUATION_SPATIAL_COMPARABLE,LGBM_TEMPORAL_SPATIAL,3,2026-01,2026-04,1331.2276500442026,901.2593659765633,0.6770137068191436,False,1779,37,2026-01
EVALUATION_ALL,LGBM_TEMPORAL,3,2026-02,2026-05,1336.2442321756419,841.0143860390413,0.6293867287043187,False,1838,57,2026-02
EVALUATION_SPATIAL_COMPARABLE,LGBM_TEMPORAL,3,2026-02,2026-05,1336.2442321756419,859.2291238092357,0.643018022543872,False,1838,34,2026-02
EVALUATION_ALL,LGBM_TEMPORAL_SPATIAL,3,2026-02,2026-05,1294.1621853991098,784.3016717513724,0.6060304346703653,False,1838,57,2026-02
EVALUATION_SPATIAL_COMPARABLE,LGBM_TEMPORAL_SPATIAL,3,2026-02,2026-05,1294.1621853991098,946.4257176353444,0.7313037950830513,False,1838,34,2026-02
EVALUATION_ALL,LGBM_TEMPORAL,3,2026-03,2026-06,1314.9588979849314,803.7061492642268,0.61120248739017,False,1915,65,2026-03
EVALUATION_SPATIAL_COMPARABLE,LGBM_TEMPORAL,3,2026-03,2026-06,1314.9588979849314,913.0892195494969,0.6943861294438424,False,1915,40,2026-03
EVALUATION_ALL,LGBM_TEMPORAL_SPATIAL,3,2026-03,2026-06,1284.3659771727423,941.7205497626971,0.7332182310183069,False,1915,65,2026-03
EVALUATION_SPATIAL_COMPARABLE,LGBM_TEMPORAL_SPATIAL,3,2026-03,2026-06,1284.3659771727423,1065.2112253797272,0.8293673643742592,False,1915,40,2026-03
EVALUATION_ALL,LGBM_TEMPORAL,3,2026-04,2026-07,1334.7211936928447,662.7511494463776,0.49654650917223275,False,1967,48,2026-04
EVALUATION_SPATIAL_COMPARABLE,LGBM_TEMPORAL,3,2026-04,2026-07,1334.7211936928447,765.2126521194622,0.5733127305803148,False,1967,25,2026-04
EVALUATION_ALL,LGBM_TEMPORAL_SPATIAL,3,2026-04,2026-07,1293.769929476341,656.9546873287314,0.5077832405601177,False,1967,48,2026-04
EVALUATION_SPATIAL_COMPARABLE,LGBM_TEMPORAL_SPATIAL,3,2026-04,2026-07,1293.769929476341,723.0154206668471,0.5588438903967189,False,1967,25,2026-04
EVALUATION_ALL,LGBM_TEMPORAL,3,2026-05,2026-08,1298.082441868694,973.111193294099,0.7496528432302244,False,2040,65,2026-05
EVALUATION_SPATIAL_COMPARABLE,LGBM_TEMPORAL,3,2026-05,2026-08,1298.082441868694,735.3145328468329,0.5664621206864862,False,2040,43,2026-05
EVALUATION_ALL,LGBM_TEMPORAL_SPATIAL,3,2026-05,2026-08,1257.5164071514487,1361.4832838658401,1.0826763580364722,False,2040,65,2026-05
EVALUATION_SPATIAL_COMPARABLE,LGBM_TEMPORAL_SPATIAL,3,2026-05,2026-08,1257.5164071514487,1274.0797587815387,1.0131714795416544,False,2040,43,2026-05
EVALUATION_ALL,LGBM_TEMPORAL,6,2024-08,2025-02,1906.4547968994145,3728.0103920903634,1.9554674981822058,False,633,51,2024-08
EVALUATION_SPATIAL_COMPARABLE,LGBM_TEMPORAL,6,2024-08,2025-02,1906.4547968994145,3683.020792228748,1.931868931914186,False,633,24,2024-08
EVALUATION_ALL,LGBM_TEMPORAL_SPATIAL,6,2024-08,2025-02,1688.125918689107,4006.8441523411443,2.3735457811420897,False,633,51,2024-08
EVALUATION_SPATIAL_COMPARABLE,LGBM_TEMPORAL_SPATIAL,6,2024-08,2025-02,1688.125918689107,3893.1193010243605,2.3061782642656854,False,633,24,2024-08
EVALUATION_ALL,LGBM_TEMPORAL,6,2024-09,2025-03,1889.1007285741487,15494.714989891603,8.20216453020304,True,718,104,2024-09
EVALUATION_SPATIAL_COMPARABLE,LGBM_TEMPORAL,6,2024-09,2025-03,1889.1007285741487,8598.538227692165,4.55165682678136,True,718,69,2024-09
EVALUATION_ALL,LGBM_TEMPORAL_SPATIAL,6,2024-09,2025-03,1706.2960964780723,15673.526521216418,9.1857014462893,True,718,104,2024-09
EVALUATION_SPATIAL_COMPARABLE,LGBM_TEMPORAL_SPATIAL,6,2024-09,2025-03,1706.2960964780723,8727.240565724633,5.11472808484901,True,718,69,2024-09
EVALUATION_ALL,LGBM_TEMPORAL,6,2024-11,2025-05,1880.7432703801667,12073.291533409347,6.419425619408913,True,753,55,2024-11
EVALUATION_SPATIAL_COMPARABLE,LGBM_TEMPORAL,6,2024-11,2025-05,1880.7432703801667,,,False,753,0,2024-11
EVALUATION_ALL,LGBM_TEMPORAL_SPATIAL,6,2024-11,2025-05,1681.206713360999,10322.634803465933,6.1400152173014755,True,753,55,2024-11
EVALUATION_SPATIAL_COMPARABLE,LGBM_TEMPORAL_SPATIAL,6,2024-11,2025-05,1681.206713360999,,,False,753,0,2024-11
EVALUATION_ALL,LGBM_TEMPORAL,6,2024-12,2025-06,1831.3613284562778,9487.944804163177,5.180815307572819,True,829,74,2024-12
EVALUATION_SPATIAL_COMPARABLE,LGBM_TEMPORAL,6,2024-12,2025-06,1831.3613284562778,,,False,829,0,2024-12
EVALUATION_ALL,LGBM_TEMPORAL_SPATIAL,6,2024-12,2025-06,1633.5535210427665,7989.188349660769,4.890680499137201,True,829,74,2024-12
EVALUATION_SPATIAL_COMPARABLE,LGBM_TEMPORAL_SPATIAL,6,2024-12,2025-06,1633.5535210427665,,,False,829,0,2024-12
EVALUATION_ALL,LGBM_TEMPORAL,6,2025-01,2025-07,1738.783099321222,4102.915333968773,2.359647580868741,False,883,53,2025-01
EVALUATION_SPATIAL_COMPARABLE,LGBM_TEMPORAL,6,2025-01,2025-07,1738.783099321222,,,False,883,0,2025-01
EVALUATION_ALL,LGBM_TEMPORAL_SPATIAL,6,2025-01,2025-07,1596.1961119127625,4377.109854913993,2.7422130791114325,False,883,53,2025-01
EVALUATION_SPATIAL_COMPARABLE,LGBM_TEMPORAL_SPATIAL,6,2025-01,2025-07,1596.1961119127625,,,False,883,0,2025-01
EVALUATION_ALL,LGBM_TEMPORAL,6,2025-02,2025-08,1700.0497326492762,889.7771408220892,0.5233830068226905,False,933,50,2025-02
EVALUATION_SPATIAL_COMPARABLE,LGBM_TEMPORAL,6,2025-02,2025-08,1700.0497326492762,830.7845372776368,0.48868249047219453,False,933,30,2025-02
EVALUATION_ALL,LGBM_TEMPORAL_SPATIAL,6,2025-02,2025-08,1549.9344190221345,1029.2835915948322,0.6640820275765055,False,933,50,2025-02
EVALUATION_SPATIAL_COMPARABLE,LGBM_TEMPORAL_SPATIAL,6,2025-02,2025-08,1549.9344190221345,934.2821927556786,0.6027882091586328,False,933,30,2025-02
EVALUATION_ALL,LGBM_TEMPORAL,6,2025-03,2025-09,1616.7697202588658,1384.4820486307678,0.856326062569439,False,1009,59,2025-03
EVALUATION_SPATIAL_COMPARABLE,LGBM_TEMPORAL,6,2025-03,2025-09,1616.7697202588658,1055.6011813960708,0.6529075651089354,False,1009,37,2025-03
EVALUATION_ALL,LGBM_TEMPORAL_SPATIAL,6,2025-03,2025-09,1457.0667873898276,1579.2554084153746,1.0838593138509693,False,1009,59,2025-03
EVALUATION_SPATIAL_COMPARABLE,LGBM_TEMPORAL_SPATIAL,6,2025-03,2025-09,1457.0667873898276,1404.5109563544909,0.9639303898145365,False,1009,37,2025-03
EVALUATION_ALL,LGBM_TEMPORAL,6,2025-05,2025-11,2259.914875715556,2011.2435179885017,0.8899642812217352,False,1105,72,2025-05
EVALUATION_SPATIAL_COMPARABLE,LGBM_TEMPORAL,6,2025-05,2025-11,2259.914875715556,1023.9870352225818,0.4531086751213836,False,1105,47,2025-05
EVALUATION_ALL,LGBM_TEMPORAL_SPATIAL,6,2025-05,2025-11,2174.425940759339,1783.5540330598387,0.8202413334146471,False,1105,72,2025-05
EVALUATION_SPATIAL_COMPARABLE,LGBM_TEMPORAL_SPATIAL,6,2025-05,2025-11,2174.425940759339,935.6895141034679,0.43031565093300556,False,1105,47,2025-05
EVALUATION_ALL,LGBM_TEMPORAL,6,2025-06,2025-12,2215.29927357115,1214.4306647183823,0.5482016263927502,False,1169,63,2025-06
EVALUATION_SPATIAL_COMPARABLE,LGBM_TEMPORAL,6,2025-06,2025-12,2215.29927357115,1246.4296072926995,0.5626461499639305,False,1169,39,2025-06
EVALUATION_ALL,LGBM_TEMPORAL_SPATIAL,6,2025-06,2025-12,2116.727517042595,1289.9545875655472,0.6094098447625507,False,1169,63,2025-06
EVALUATION_SPATIAL_COMPARABLE,LGBM_TEMPORAL_SPATIAL,6,2025-06,2025-12,2116.727517042595,1289.1651943802983,0.6090369138213251,False,1169,39,2025-06
EVALUATION_ALL,LGBM_TEMPORAL,6,2025-07,2026-01,2192.007893291029,3232.255814099692,1.474563948420304,False,1228,72,2025-07
EVALUATION_SPATIAL_COMPARABLE,LGBM_TEMPORAL,6,2025-07,2026-01,2192.007893291029,2142.5482771398097,0.9774363877508844,False,1228,54,2025-07
EVALUATION_ALL,LGBM_TEMPORAL_SPATIAL,6,2025-07,2026-01,2129.6013246837583,3841.3620468259583,1.8037939788548887,False,1228,72,2025-07
EVALUATION_SPATIAL_COMPARABLE,LGBM_TEMPORAL_SPATIAL,6,2025-07,2026-01,2129.6013246837583,3062.1522184598393,1.437899283291704,False,1228,54,2025-07
EVALUATION_ALL,LGBM_TEMPORAL,6,2025-08,2026-02,2106.5554244549257,755.9649626556277,0.3588630775528893,False,1282,65,2025-08
EVALUATION_SPATIAL_COMPARABLE,LGBM_TEMPORAL,6,2025-08,2026-02,2106.5554244549257,714.3720169628056,0.3391185480665197,False,1282,45,2025-08
EVALUATION_ALL,LGBM_TEMPORAL_SPATIAL,6,2025-08,2026-02,2057.741686308608,860.9609409551597,0.4184008841749429,False,1282,65,2025-08
EVALUATION_SPATIAL_COMPARABLE,LGBM_TEMPORAL_SPATIAL,6,2025-08,2026-02,2057.741686308608,835.5972433658704,0.4060748970221097,False,1282,45,2025-08
EVALUATION_ALL,LGBM_TEMPORAL,6,2025-09,2026-03,2098.617428895506,1422.7760365070226,0.6779587441317612,False,1334,54,2025-09
EVALUATION_SPATIAL_COMPARABLE,LGBM_TEMPORAL,6,2025-09,2026-03,2098.617428895506,1469.2928241688498,0.7001241884006143,False,1334,31,2025-09
EVALUATION_ALL,LGBM_TEMPORAL_SPATIAL,6,2025-09,2026-03,2020.6929035668227,1202.0430965576265,0.5948667877418891,False,1334,54,2025-09
EVALUATION_SPATIAL_COMPARABLE,LGBM_TEMPORAL_SPATIAL,6,2025-09,2026-03,2020.6929035668227,1140.8287281331573,0.5645730363675873,False,1334,31,2025-09
EVALUATION_ALL,LGBM_TEMPORAL,6,2025-10,2026-04,2046.7592584717374,1498.4233455185788,0.73209555022969,False,1386,53,2025-10
EVALUATION_SPATIAL_COMPARABLE,LGBM_TEMPORAL,6,2025-10,2026-04,2046.7592584717374,1102.121849062118,0.5384716568401132,False,1386,31,2025-10
EVALUATION_ALL,LGBM_TEMPORAL_SPATIAL,6,2025-10,2026-04,1929.5387158874153,1522.0933397579981,0.7888379368734103,False,1386,53,2025-10
EVALUATION_SPATIAL_COMPARABLE,LGBM_TEMPORAL_SPATIAL,6,2025-10,2026-04,1929.5387158874153,1648.4888706791269,0.854343505577689,False,1386,31,2025-10
EVALUATION_ALL,LGBM_TEMPORAL,6,2025-11,2026-05,1954.7616155925016,2224.6569919822255,1.138070736726594,False,1463,71,2025-11
EVALUATION_SPATIAL_COMPARABLE,LGBM_TEMPORAL,6,2025-11,2026-05,1954.7616155925016,1983.7386030539108,1.014823796022118,False,1463,45,2025-11
EVALUATION_ALL,LGBM_TEMPORAL_SPATIAL,6,2025-11,2026-05,1843.6891213221168,2201.7995581939454,1.1942358029508935,False,1463,71,2025-11
EVALUATION_SPATIAL_COMPARABLE,LGBM_TEMPORAL_SPATIAL,6,2025-11,2026-05,1843.6891213221168,2006.7591214533788,1.0884476662824392,False,1463,45,2025-11
EVALUATION_ALL,LGBM_TEMPORAL,6,2025-12,2026-06,1879.0895975177236,1211.2729009664863,0.6446062511157409,False,1532,73,2025-12
EVALUATION_SPATIAL_COMPARABLE,LGBM_TEMPORAL,6,2025-12,2026-06,1879.0895975177236,1049.216834792367,0.5583644527532812,False,1532,48,2025-12
EVALUATION_ALL,LGBM_TEMPORAL_SPATIAL,6,2025-12,2026-06,1791.600038644558,1394.6759415885765,0.7784527302442592,False,1532,73,2025-12
EVALUATION_SPATIAL_COMPARABLE,LGBM_TEMPORAL_SPATIAL,6,2025-12,2026-06,1791.600038644558,1368.5938677326976,0.7638947522953352,False,1532,48,2025-12
EVALUATION_ALL,LGBM_TEMPORAL,6,2026-01,2026-07,1875.2117590808753,2709.3540835166073,1.4448256685658702,False,1588,65,2026-01
EVALUATION_SPATIAL_COMPARABLE,LGBM_TEMPORAL,6,2026-01,2026-07,1875.2117590808753,836.8547557861212,0.44627213525810067,False,1588,37,2026-01
EVALUATION_ALL,LGBM_TEMPORAL_SPATIAL,6,2026-01,2026-07,1754.1286891449984,2401.756495596077,1.3692019921108223,False,1588,65,2026-01
EVALUATION_SPATIAL_COMPARABLE,LGBM_TEMPORAL_SPATIAL,6,2026-01,2026-07,1754.1286891449984,1077.0127981319351,0.6139873344508694,False,1588,37,2026-01
EVALUATION_ALL,LGBM_TEMPORAL,6,2026-02,2026-08,1851.4987403625466,987.4128903391771,0.533304651423003,False,1658,57,2026-02
EVALUATION_SPATIAL_COMPARABLE,LGBM_TEMPORAL,6,2026-02,2026-08,1851.4987403625466,996.0606241355146,0.5379753182767347,False,1658,34,2026-02
EVALUATION_ALL,LGBM_TEMPORAL_SPATIAL,6,2026-02,2026-08,1769.4539681512376,903.0600603583351,0.5103608664665468,False,1658,57,2026-02
EVALUATION_SPATIAL_COMPARABLE,LGBM_TEMPORAL_SPATIAL,6,2026-02,2026-08,1769.4539681512376,1007.9009309405515,0.5696112750497981,False,1658,34,2026-02
EVALUATION_ALL,LGBM_TEMPORAL,12,2024-04,2025-04,6452.267435260815,12277.638949568496,1.902840989273441,False,117,59,2024-04
EVALUATION_SPATIAL_COMPARABLE,LGBM_TEMPORAL,12,2024-04,2025-04,6452.267435260815,13677.331910455045,2.1197713900868673,False,117,36,2024-04
EVALUATION_ALL,LGBM_TEMPORAL_SPATIAL,12,2024-04,2025-04,5668.119797845709,10182.077332306695,1.7963765226304165,False,117,59,2024-04
EVALUATION_SPATIAL_COMPARABLE,LGBM_TEMPORAL_SPATIAL,12,2024-04,2025-04,5668.119797845709,9870.930653943338,1.7414823620515214,False,117,36,2024-04
EVALUATION_ALL,LGBM_TEMPORAL,12,2024-05,2025-05,5869.564883294106,11635.616752997763,1.9823644485326217,False,146,50,2024-05
EVALUATION_SPATIAL_COMPARABLE,LGBM_TEMPORAL,12,2024-05,2025-05,5869.564883294106,12076.03075653536,2.0573979497025463,False,146,29,2024-05
EVALUATION_ALL,LGBM_TEMPORAL_SPATIAL,12,2024-05,2025-05,5100.368420785338,14396.701403972253,2.82267871969835,False,146,50,2024-05
EVALUATION_SPATIAL_COMPARABLE,LGBM_TEMPORAL_SPATIAL,12,2024-05,2025-05,5100.368420785338,16066.380536949691,3.1500431363889287,True,146,29,2024-05
EVALUATION_ALL,LGBM_TEMPORAL,12,2024-06,2025-06,4959.200297820604,11920.378053239285,2.403689574401316,False,197,79,2024-06
EVALUATION_SPATIAL_COMPARABLE,LGBM_TEMPORAL,12,2024-06,2025-06,4959.200297820604,12430.068976017861,2.506466411828626,False,197,55,2024-06
EVALUATION_ALL,LGBM_TEMPORAL_SPATIAL,12,2024-06,2025-06,4181.333293764303,12860.577290248702,3.07571207237364,True,197,79,2024-06
EVALUATION_SPATIAL_COMPARABLE,LGBM_TEMPORAL_SPATIAL,12,2024-06,2025-06,4181.333293764303,13561.695015900637,3.243390101460086,True,197,55,2024-06
EVALUATION_ALL,LGBM_TEMPORAL,12,2024-07,2025-07,4497.605608156348,6507.903657193826,1.4469707271335281,False,224,56,2024-07
EVALUATION_SPATIAL_COMPARABLE,LGBM_TEMPORAL,12,2024-07,2025-07,4497.605608156348,5963.629600310401,1.3259565466334882,False,224,33,2024-07
EVALUATION_ALL,LGBM_TEMPORAL_SPATIAL,12,2024-07,2025-07,3801.537940239917,9010.292538377878,2.370170357371005,False,224,56,2024-07
EVALUATION_SPATIAL_COMPARABLE,LGBM_TEMPORAL_SPATIAL,12,2024-07,2025-07,3801.537940239917,8966.783968325915,2.358725365702918,False,224,33,2024-07
EVALUATION_ALL,LGBM_TEMPORAL,12,2024-08,2025-08,4446.687510286437,7047.4098771493655,1.5848673559468092,False,275,51,2024-08
EVALUATION_SPATIAL_COMPARABLE,LGBM_TEMPORAL,12,2024-08,2025-08,4446.687510286437,6516.639587953352,1.4655042822052449,False,275,24,2024-08
EVALUATION_ALL,LGBM_TEMPORAL_SPATIAL,12,2024-08,2025-08,3502.8406741078516,10535.381001882968,3.007667770834668,True,275,51,2024-08
EVALUATION_SPATIAL_COMPARABLE,LGBM_TEMPORAL_SPATIAL,12,2024-08,2025-08,3502.8406741078516,8666.02279005703,2.473998561828452,False,275,24,2024-08
EVALUATION_ALL,LGBM_TEMPORAL,12,2024-09,2025-09,3871.9966031916315,16639.71594086067,4.297451068821907,True,347,104,2024-09
EVALUATION_SPATIAL_COMPARABLE,LGBM_TEMPORAL,12,2024-09,2025-09,3871.9966031916315,11722.714579949847,3.027563239669937,True,347,69,2024-09
EVALUATION_ALL,LGBM_TEMPORAL_SPATIAL,12,2024-09,2025-09,3164.396439236829,17885.433527599595,5.652083697804028,True,347,104,2024-09
EVALUATION_SPATIAL_COMPARABLE,LGBM_TEMPORAL_SPATIAL,12,2024-09,2025-09,3164.396439236829,13096.811622137151,4.138802414180369,True,347,69,2024-09
EVALUATION_ALL,LGBM_TEMPORAL,12,2024-11,2025-11,3624.7356942222073,13109.109694081477,3.6165698136217954,True,389,55,2024-11
EVALUATION_SPATIAL_COMPARABLE,LGBM_TEMPORAL,12,2024-11,2025-11,3624.7356942222073,,,False,389,0,2024-11
EVALUATION_ALL,LGBM_TEMPORAL_SPATIAL,12,2024-11,2025-11,2929.7971830904985,11142.225502231608,3.803070590189531,True,389,55,2024-11
EVALUATION_SPATIAL_COMPARABLE,LGBM_TEMPORAL_SPATIAL,12,2024-11,2025-11,2929.7971830904985,,,False,389,0,2024-11
EVALUATION_ALL,LGBM_TEMPORAL,12,2024-12,2025-12,3304.613212977325,7784.59422817319,2.3556748479981957,False,462,74,2024-12
EVALUATION_SPATIAL_COMPARABLE,LGBM_TEMPORAL,12,2024-12,2025-12,3304.613212977325,,,False,462,0,2024-12
EVALUATION_ALL,LGBM_TEMPORAL_SPATIAL,12,2024-12,2025-12,2697.078521732616,10379.855695366468,3.848555246622334,True,462,74,2024-12
EVALUATION_SPATIAL_COMPARABLE,LGBM_TEMPORAL_SPATIAL,12,2024-12,2025-12,2697.078521732616,,,False,462,0,2024-12
EVALUATION_ALL,LGBM_TEMPORAL,12,2025-01,2026-01,3057.97895059484,10184.992327548718,3.3306286577177144,True,517,53,2025-01
EVALUATION_SPATIAL_COMPARABLE,LGBM_TEMPORAL,12,2025-01,2026-01,3057.97895059484,,,False,517,0,2025-01
EVALUATION_ALL,LGBM_TEMPORAL_SPATIAL,12,2025-01,2026-01,2578.4593994643383,9919.09844641048,3.8469089133112284,True,517,53,2025-01
EVALUATION_SPATIAL_COMPARABLE,LGBM_TEMPORAL_SPATIAL,12,2025-01,2026-01,2578.4593994643383,,,False,517,0,2025-01
EVALUATION_ALL,LGBM_TEMPORAL,12,2025-02,2026-02,2949.3775847117,4253.705913741291,1.4422385034017569,False,565,50,2025-02
EVALUATION_SPATIAL_COMPARABLE,LGBM_TEMPORAL,12,2025-02,2026-02,2949.3775847117,4614.63107019615,1.5646118333971226,False,565,30,2025-02
EVALUATION_ALL,LGBM_TEMPORAL_SPATIAL,12,2025-02,2026-02,2500.36459488102,4897.5389567907805,1.958729925554649,False,565,50,2025-02
EVALUATION_SPATIAL_COMPARABLE,LGBM_TEMPORAL_SPATIAL,12,2025-02,2026-02,2500.36459488102,5334.52283461171,2.1334979888665213,False,565,30,2025-02
EVALUATION_ALL,LGBM_TEMPORAL,12,2025-03,2026-03,2754.857494199547,1392.8438725046494,0.505595616265935,False,638,59,2025-03
EVALUATION_SPATIAL_COMPARABLE,LGBM_TEMPORAL,12,2025-03,2026-03,2754.857494199547,1202.3304826429214,0.43644017346613107,False,638,37,2025-03
EVALUATION_ALL,LGBM_TEMPORAL_SPATIAL,12,2025-03,2026-03,2315.0815985637155,2097.892328493635,0.9061850475573624,False,638,59,2025-03
EVALUATION_SPATIAL_COMPARABLE,LGBM_TEMPORAL_SPATIAL,12,2025-03,2026-03,2315.0815985637155,1144.7167615339895,0.4944606541057454,False,638,37,2025-03
EVALUATION_ALL,LGBM_TEMPORAL,12,2025-04,2026-04,2721.1127272115436,1157.5121382082123,0.42538191330072944,False,701,57,2025-04
EVALUATION_SPATIAL_COMPARABLE,LGBM_TEMPORAL,12,2025-04,2026-04,2721.1127272115436,1118.0365950048572,0.4108747806822996,False,701,34,2025-04
EVALUATION_ALL,LGBM_TEMPORAL_SPATIAL,12,2025-04,2026-04,2269.5727548179348,1323.5410468615762,0.5831674900273248,False,701,57,2025-04
EVALUATION_SPATIAL_COMPARABLE,LGBM_TEMPORAL_SPATIAL,12,2025-04,2026-04,2269.5727548179348,1032.770995930703,0.4550508432647941,False,701,34,2025-04
EVALUATION_ALL,LGBM_TEMPORAL,12,2025-05,2026-05,2608.873680358224,2342.211723540767,0.8977865586880994,False,760,72,2025-05
EVALUATION_SPATIAL_COMPARABLE,LGBM_TEMPORAL,12,2025-05,2026-05,2608.873680358224,1875.5051330479466,0.7188945739950204,False,760,47,2025-05
EVALUATION_ALL,LGBM_TEMPORAL_SPATIAL,12,2025-05,2026-05,2267.915963721514,2189.35172933915,0.9653584014403053,False,760,72,2025-05
EVALUATION_SPATIAL_COMPARABLE,LGBM_TEMPORAL_SPATIAL,12,2025-05,2026-05,2267.915963721514,1788.9829286863446,0.7888224066956745,False,760,47,2025-05
EVALUATION_ALL,LGBM_TEMPORAL,12,2025-06,2026-06,2483.2962230610797,1391.5407124522053,0.5603603386215832,False,827,63,2025-06
EVALUATION_SPATIAL_COMPARABLE,LGBM_TEMPORAL,12,2025-06,2026-06,2483.2962230610797,1292.4374551770177,0.5204523903249333,False,827,39,2025-06
EVALUATION_ALL,LGBM_TEMPORAL_SPATIAL,12,2025-06,2026-06,2228.3509551004154,1618.0431143670526,0.7261168222463141,False,827,63,2025-06
EVALUATION_SPATIAL_COMPARABLE,LGBM_TEMPORAL_SPATIAL,12,2025-06,2026-06,2228.3509551004154,1283.0178168525595,0.5757700841134978,False,827,39,2025-06
EVALUATION_ALL,LGBM_TEMPORAL,12,2025-07,2026-07,2347.394921932879,1216.8791576713181,0.5183955823970695,False,894,72,2025-07
EVALUATION_SPATIAL_COMPARABLE,LGBM_TEMPORAL,12,2025-07,2026-07,2347.394921932879,1377.2335361319258,0.5867072145652815,False,894,54,2025-07
EVALUATION_ALL,LGBM_TEMPORAL_SPATIAL,12,2025-07,2026-07,2097.3225482148573,1167.3587598112092,0.5565947692713313,False,894,72,2025-07
EVALUATION_SPATIAL_COMPARABLE,LGBM_TEMPORAL_SPATIAL,12,2025-07,2026-07,2097.3225482148573,1309.4311966847595,0.6243346774673671,False,894,54,2025-07
EVALUATION_ALL,LGBM_TEMPORAL,12,2025-08,2026-08,2272.4247265883278,751.9813557951459,0.3309158481672228,False,947,65,2025-08
EVALUATION_SPATIAL_COMPARABLE,LGBM_TEMPORAL,12,2025-08,2026-08,2272.4247265883278,874.5772183411457,0.3848652094426818,False,947,45,2025-08
EVALUATION_ALL,LGBM_TEMPORAL_SPATIAL,12,2025-08,2026-08,2023.357706070829,928.2865356314323,0.45878518308761024,False,947,65,2025-08
EVALUATION_SPATIAL_COMPARABLE,LGBM_TEMPORAL_SPATIAL,12,2025-08,2026-08,2023.357706070829,1094.1051232002737,0.5407373693329408,False,947,45,2025-08
