evaluation_scope,model,horizon,split_id,origin_period,target_period,MAE,RMSE,sMAPE,R2,directional_accuracy,n_observations
EVALUATION_ALL,PERSISTENCE,1,h1_2025-01,2025-01,2025-02,467.64150943396226,712.3440312573164,5.311463631855531,0.9931064835646974,0.0,53
EVALUATION_ALL,LGBM_TEMPORAL,1,h1_2025-01,2025-01,2025-02,1509.5922441533876,2293.0207015311894,11.305236375945375,0.9285705695669411,0.4528301886792453,53
EVALUATION_ALL,LGBM_TEMPORAL_SPATIAL,1,h1_2025-01,2025-01,2025-02,1392.0418544634895,2233.071195221876,10.177974820077775,0.9322566958911418,0.4716981132075472,53
EVALUATION_SPATIAL_COMPARABLE,PERSISTENCE,1,h1_2025-01,2025-01,2025-02,,,,,,0
EVALUATION_SPATIAL_COMPARABLE,LGBM_TEMPORAL,1,h1_2025-01,2025-01,2025-02,,,,,,0
EVALUATION_SPATIAL_COMPARABLE,LGBM_TEMPORAL_SPATIAL,1,h1_2025-01,2025-01,2025-02,,,,,,0
EVALUATION_ALL,PERSISTENCE,1,h1_2025-02,2025-02,2025-03,535.34,834.4449772153944,6.543145996310577,0.9921458630819556,0.0,50
EVALUATION_ALL,LGBM_TEMPORAL,1,h1_2025-02,2025-02,2025-03,836.7598206413473,999.8958925500148,13.759595280151334,0.9887225054239853,0.36,50
EVALUATION_ALL,LGBM_TEMPORAL_SPATIAL,1,h1_2025-02,2025-02,2025-03,953.8234296817277,1104.3922122295958,16.424179219510144,0.9862421766391031,0.4,50
EVALUATION_SPATIAL_COMPARABLE,PERSISTENCE,1,h1_2025-02,2025-02,2025-03,665.4666666666667,1014.4384325001362,7.180195098272148,0.9894511244882148,0.0,30
EVALUATION_SPATIAL_COMPARABLE,LGBM_TEMPORAL,1,h1_2025-02,2025-02,2025-03,858.0139480663745,1055.3011492260089,11.825200298876057,0.9885841671623516,0.36666666666666664,30
EVALUATION_SPATIAL_COMPARABLE,LGBM_TEMPORAL_SPATIAL,1,h1_2025-02,2025-02,2025-03,962.626344395398,1134.6885105406595,14.115352940452025,0.9868020009327358,0.4666666666666667,30
EVALUATION_ALL,PERSISTENCE,1,h1_2025-03,2025-03,2025-04,708.1694915254237,1085.458116204351,7.704149798243577,0.9873169959760281,0.0,59
EVALUATION_ALL,LGBM_TEMPORAL,1,h1_2025-03,2025-03,2025-04,1432.7277053327591,3058.3177609905424,12.40820891406955,0.8993158278884625,0.15254237288135594,59
EVALUATION_ALL,LGBM_TEMPORAL_SPATIAL,1,h1_2025-03,2025-03,2025-04,1330.199653075315,2927.6254205813007,11.755555443492744,0.9077371196709058,0.1864406779661017,59
EVALUATION_SPATIAL_COMPARABLE,PERSISTENCE,1,h1_2025-03,2025-03,2025-04,744.4864864864865,992.8210693149474,9.259618192198108,0.9780897959600057,0.0,37
EVALUATION_SPATIAL_COMPARABLE,LGBM_TEMPORAL,1,h1_2025-03,2025-03,2025-04,1186.4754716899035,1610.794241472652,13.625324246182693,0.942325400341996,0.13513513513513514,37
EVALUATION_SPATIAL_COMPARABLE,LGBM_TEMPORAL_SPATIAL,1,h1_2025-03,2025-03,2025-04,1181.9065112084434,1646.2572707719721,13.791283707653726,0.9397579331070286,0.10810810810810811,37
EVALUATION_ALL,PERSISTENCE,1,h1_2025-04,2025-04,2025-05,500.0877192982456,732.6912539973509,5.78866865344739,0.9952844836373914,0.0,57
EVALUATION_ALL,LGBM_TEMPORAL,1,h1_2025-04,2025-04,2025-05,535.3076209845059,879.6785308276757,6.408725507343428,0.9932027189554685,0.631578947368421,57
EVALUATION_ALL,LGBM_TEMPORAL_SPATIAL,1,h1_2025-04,2025-04,2025-05,517.0757328252166,924.9190189167268,6.25475028920741,0.9924855939167221,0.631578947368421,57
EVALUATION_SPATIAL_COMPARABLE,PERSISTENCE,1,h1_2025-04,2025-04,2025-05,561.6176470588235,806.8541124785381,6.503749138016215,0.9796777607450975,0.0,34
EVALUATION_SPATIAL_COMPARABLE,LGBM_TEMPORAL,1,h1_2025-04,2025-04,2025-05,508.5914019218885,668.632645018095,6.598001965027684,0.986044137582332,0.6176470588235294,34
EVALUATION_SPATIAL_COMPARABLE,LGBM_TEMPORAL_SPATIAL,1,h1_2025-04,2025-04,2025-05,472.1725456975345,603.1096375124511,6.749285355175175,0.9886453418649757,0.6176470588235294,34
EVALUATION_ALL,PERSISTENCE,1,h1_2025-05,2025-05,2025-06,1593.388888888889,2793.1675318732873,10.754778191458472,0.974395923744912,0.0,72
EVALUATION_ALL,LGBM_TEMPORAL,1,h1_2025-05,2025-05,2025-06,1419.7441699727867,3543.894512106598,7.1659014853667795,0.958782968129589,0.8055555555555556,72
EVALUATION_ALL,LGBM_TEMPORAL_SPATIAL,1,h1_2025-05,2025-05,2025-06,1577.4207671697966,3606.3656966850676,9.4130366786533,0.9573170263260291,0.6666666666666666,72
EVALUATION_SPATIAL_COMPARABLE,PERSISTENCE,1,h1_2025-05,2025-05,2025-06,1168.0851063829787,1664.9169425325442,10.115474208466738,0.9675883503096745,0.0,47
EVALUATION_SPATIAL_COMPARABLE,LGBM_TEMPORAL,1,h1_2025-05,2025-05,2025-06,695.5548075168384,1240.2804242129005,5.801828398400358,0.9820131228266948,0.8297872340425532,47
EVALUATION_SPATIAL_COMPARABLE,LGBM_TEMPORAL_SPATIAL,1,h1_2025-05,2025-05,2025-06,872.8741941678848,1297.1455110151226,8.523887417960859,0.980325967483494,0.7021276595744681,47
EVALUATION_ALL,PERSISTENCE,1,h1_2025-06,2025-06,2025-07,830.2539682539683,1268.3965756086986,9.327835781665163,0.9862433545620486,0.0,63
EVALUATION_ALL,LGBM_TEMPORAL,1,h1_2025-06,2025-06,2025-07,932.3612673791091,1173.4580043137546,12.524910704750603,0.9882256341588704,0.3333333333333333,63
EVALUATION_ALL,LGBM_TEMPORAL_SPATIAL,1,h1_2025-06,2025-06,2025-07,932.5431944372972,1212.6315127309604,12.145214444216624,0.98742638603756,0.42857142857142855,63
EVALUATION_SPATIAL_COMPARABLE,PERSISTENCE,1,h1_2025-06,2025-06,2025-07,839.1282051282051,1357.3798478252324,10.021338339364219,0.9828376352702294,0.0,39
EVALUATION_SPATIAL_COMPARABLE,LGBM_TEMPORAL,1,h1_2025-06,2025-06,2025-07,985.1776508582908,1250.9870578781347,13.412664548904088,0.985422603511573,0.3076923076923077,39
EVALUATION_SPATIAL_COMPARABLE,LGBM_TEMPORAL_SPATIAL,1,h1_2025-06,2025-06,2025-07,932.5156783037539,1274.1636093730456,12.667622472999406,0.9848774605044843,0.46153846153846156,39
EVALUATION_ALL,PERSISTENCE,1,h1_2025-07,2025-07,2025-08,706.5138888888889,1323.7208238312353,5.5364140903437296,0.9936001980470551,0.0,72
EVALUATION_ALL,LGBM_TEMPORAL,1,h1_2025-07,2025-07,2025-08,939.3355514543853,1964.0386204762685,6.6185072680554455,0.9859112072824197,0.625,72
EVALUATION_ALL,LGBM_TEMPORAL_SPATIAL,1,h1_2025-07,2025-07,2025-08,871.9706988851309,1964.7617906681953,5.9848223152366975,0.9859008302250882,0.625,72
EVALUATION_SPATIAL_COMPARABLE,PERSISTENCE,1,h1_2025-07,2025-07,2025-08,659.0925925925926,1005.2681142269864,5.161446928609494,0.9953678421978717,0.0,54
EVALUATION_SPATIAL_COMPARABLE,LGBM_TEMPORAL,1,h1_2025-07,2025-07,2025-08,818.6606590185166,1432.2548560393786,6.122607094162831,0.9905971363679517,0.6481481481481481,54
EVALUATION_SPATIAL_COMPARABLE,LGBM_TEMPORAL_SPATIAL,1,h1_2025-07,2025-07,2025-08,718.4492075138332,1273.8863860037802,5.328775909189647,0.992561576111806,0.6481481481481481,54
EVALUATION_ALL,PERSISTENCE,1,h1_2025-08,2025-08,2025-09,391.6,846.9370333510859,5.258098939539056,0.98746377928573,0.0,65
EVALUATION_ALL,LGBM_TEMPORAL,1,h1_2025-08,2025-08,2025-09,435.651477233561,735.4152489461075,5.136111958017315,0.9905478709010814,0.5384615384615384,65
EVALUATION_ALL,LGBM_TEMPORAL_SPATIAL,1,h1_2025-08,2025-08,2025-09,433.9650322452746,753.6046303955993,5.264308286565034,0.9900745204343986,0.6,65
EVALUATION_SPATIAL_COMPARABLE,PERSISTENCE,1,h1_2025-08,2025-08,2025-09,455.44444444444446,985.2391813384426,5.918622396691232,0.9853377057406585,0.0,45
EVALUATION_SPATIAL_COMPARABLE,LGBM_TEMPORAL,1,h1_2025-08,2025-08,2025-09,507.8971693853658,850.062995432363,5.64804263373767,0.9890850737920729,0.4888888888888889,45
EVALUATION_SPATIAL_COMPARABLE,LGBM_TEMPORAL_SPATIAL,1,h1_2025-08,2025-08,2025-09,507.7100788547775,872.4492919159655,5.809316867238655,0.9885026177407853,0.6,45
EVALUATION_ALL,PERSISTENCE,1,h1_2025-10,2025-10,2025-11,930.1132075471698,1493.0439971275096,10.124876958339819,0.973470577472398,0.0,53
EVALUATION_ALL,LGBM_TEMPORAL,1,h1_2025-10,2025-10,2025-11,590.7682329217365,1131.6633616862873,6.951142027576444,0.9847588724950549,0.8867924528301887,53
EVALUATION_ALL,LGBM_TEMPORAL_SPATIAL,1,h1_2025-10,2025-10,2025-11,681.2118514080051,1275.470810376186,7.878837839481941,0.980639185078858,0.7924528301886793,53
EVALUATION_SPATIAL_COMPARABLE,PERSISTENCE,1,h1_2025-10,2025-10,2025-11,856.6129032258065,1473.25381603158,8.988864851191334,0.9719641726365124,0.0,31
EVALUATION_SPATIAL_COMPARABLE,LGBM_TEMPORAL,1,h1_2025-10,2025-10,2025-11,611.9023348630227,1291.7664143855745,5.965055711709533,0.9784460830415315,0.8709677419354839,31
EVALUATION_SPATIAL_COMPARABLE,LGBM_TEMPORAL_SPATIAL,1,h1_2025-10,2025-10,2025-11,666.0321183275812,1409.359042151435,6.4042232292011905,0.9743432572308658,0.7741935483870968,31
EVALUATION_ALL,PERSISTENCE,1,h1_2025-11,2025-11,2025-12,1277.4788732394366,2022.5904286962107,10.285177159842442,0.9764543939462317,0.0,71
EVALUATION_ALL,LGBM_TEMPORAL,1,h1_2025-11,2025-11,2025-12,726.2006402144865,1398.9320716146467,6.340330280294699,0.9887361403183538,0.9154929577464789,71
EVALUATION_ALL,LGBM_TEMPORAL_SPATIAL,1,h1_2025-11,2025-11,2025-12,753.1700122423434,1480.8231094572252,6.793102130347893,0.9873788088388332,0.8873239436619719,71
EVALUATION_SPATIAL_COMPARABLE,PERSISTENCE,1,h1_2025-11,2025-11,2025-12,1405.0666666666666,2195.692965785517,10.2885645730573,0.9646083697092157,0.0,45
EVALUATION_SPATIAL_COMPARABLE,LGBM_TEMPORAL,1,h1_2025-11,2025-11,2025-12,751.9256442273652,1463.0928195722397,6.276361498646497,0.9842854805325564,0.9555555555555556,45
EVALUATION_SPATIAL_COMPARABLE,LGBM_TEMPORAL_SPATIAL,1,h1_2025-11,2025-11,2025-12,801.0157300921074,1558.1721702370364,6.49718863722223,0.9821766951977418,0.9333333333333333,45
EVALUATION_ALL,PERSISTENCE,1,h1_2025-12,2025-12,2026-01,719.4109589041096,1015.3211314653113,8.687208770788756,0.9829205839571294,0.0,73
EVALUATION_ALL,LGBM_TEMPORAL,1,h1_2025-12,2025-12,2026-01,1376.5406963792766,1889.2179752453533,14.101397475568769,0.9408669464707611,0.8767123287671232,73
EVALUATION_ALL,LGBM_TEMPORAL_SPATIAL,1,h1_2025-12,2025-12,2026-01,1108.2458025888677,1687.0385828970402,10.957004007367983,0.9528462542111011,0.8767123287671232,73
EVALUATION_SPATIAL_COMPARABLE,PERSISTENCE,1,h1_2025-12,2025-12,2026-01,711.4375,1041.3522558833458,7.673208591341968,0.9791093312649033,0.0,48
EVALUATION_SPATIAL_COMPARABLE,LGBM_TEMPORAL,1,h1_2025-12,2025-12,2026-01,1246.187436725894,1623.048777892104,13.000341215900532,0.9492518561675399,0.8541666666666666,48
EVALUATION_SPATIAL_COMPARABLE,LGBM_TEMPORAL_SPATIAL,1,h1_2025-12,2025-12,2026-01,1018.021515215526,1399.9427468538904,10.487041159653659,0.9622447311019235,0.8541666666666666,48
EVALUATION_ALL,PERSISTENCE,1,h1_2026-01,2026-01,2026-02,484.67692307692306,860.3018790383542,6.032843288987058,0.9970886674362495,0.0,65
EVALUATION_ALL,LGBM_TEMPORAL,1,h1_2026-01,2026-01,2026-02,572.6434862199951,883.2454709036766,5.54255888693204,0.996931310739663,0.6615384615384615,65
EVALUATION_ALL,LGBM_TEMPORAL_SPATIAL,1,h1_2026-01,2026-01,2026-02,559.7170554204022,864.3301505448424,5.611648916451764,0.9970613395993494,0.6923076923076923,65
EVALUATION_SPATIAL_COMPARABLE,PERSISTENCE,1,h1_2026-01,2026-01,2026-02,582.0540540540541,1035.347363043999,7.5019793201457965,0.9837448764482118,0.0,37
EVALUATION_SPATIAL_COMPARABLE,LGBM_TEMPORAL,1,h1_2026-01,2026-01,2026-02,519.4212810701301,794.3555661798479,5.866193918774402,0.9904314088672992,0.6756756756756757,37
EVALUATION_SPATIAL_COMPARABLE,LGBM_TEMPORAL_SPATIAL,1,h1_2026-01,2026-01,2026-02,530.2057830956473,820.1575134810274,6.293456542395513,0.9897997069966206,0.6756756756756757,37
EVALUATION_ALL,PERSISTENCE,1,h1_2026-02,2026-02,2026-03,884.3508771929825,1174.0919148692763,9.649352153056288,0.9848564675114152,0.0,57
EVALUATION_ALL,LGBM_TEMPORAL,1,h1_2026-02,2026-02,2026-03,759.8447679395315,1226.4828151239008,7.81390840090029,0.9834748300816439,0.7368421052631579,57
EVALUATION_ALL,LGBM_TEMPORAL_SPATIAL,1,h1_2026-02,2026-02,2026-03,789.7046442818242,1194.96465278146,8.534870541618183,0.9843132448867268,0.6140350877192983,57
EVALUATION_SPATIAL_COMPARABLE,PERSISTENCE,1,h1_2026-02,2026-02,2026-03,891.2058823529412,1133.6706259912066,9.33481411875956,0.9773198370397568,0.0,34
EVALUATION_SPATIAL_COMPARABLE,LGBM_TEMPORAL,1,h1_2026-02,2026-02,2026-03,754.1506927329945,1068.4141847794783,7.424017877587441,0.9798557235281384,0.7647058823529411,34
EVALUATION_SPATIAL_COMPARABLE,LGBM_TEMPORAL_SPATIAL,1,h1_2026-02,2026-02,2026-03,793.1399666944006,1082.8312190188217,8.030399331906402,0.9793084073721732,0.6764705882352942,34
EVALUATION_ALL,PERSISTENCE,1,h1_2026-03,2026-03,2026-04,583.2153846153847,837.183731327837,6.476349752766318,0.9940212879354988,0.0,65
EVALUATION_ALL,LGBM_TEMPORAL,1,h1_2026-03,2026-03,2026-04,611.712611981491,1381.7436445340986,6.135981750549772,0.9837137525509317,0.6923076923076923,65
EVALUATION_ALL,LGBM_TEMPORAL_SPATIAL,1,h1_2026-03,2026-03,2026-04,609.3632817337929,1420.5890531970495,6.266901844849689,0.9827851594203172,0.6461538461538462,65
EVALUATION_SPATIAL_COMPARABLE,PERSISTENCE,1,h1_2026-03,2026-03,2026-04,508.075,696.45479034895,5.872939410411219,0.9932493634860131,0.0,40
EVALUATION_SPATIAL_COMPARABLE,LGBM_TEMPORAL,1,h1_2026-03,2026-03,2026-04,394.363004663289,541.1013256357885,4.809781616037247,0.9959251083997126,0.775,40
EVALUATION_SPATIAL_COMPARABLE,LGBM_TEMPORAL_SPATIAL,1,h1_2026-03,2026-03,2026-04,404.0599041550773,541.5561340503193,5.018532032691418,0.9959182554360649,0.75,40
EVALUATION_ALL,PERSISTENCE,1,h1_2026-04,2026-04,2026-05,361.8125,728.4065228291136,5.200852971507719,0.9943360528283957,0.0,48
EVALUATION_ALL,LGBM_TEMPORAL,1,h1_2026-04,2026-04,2026-05,470.2517420334901,825.5427414442431,7.213318393848487,0.9927247039924184,0.5833333333333334,48
EVALUATION_ALL,LGBM_TEMPORAL_SPATIAL,1,h1_2026-04,2026-04,2026-05,444.35566772236007,793.8068674731136,6.897605011475159,0.9932733126097903,0.5208333333333334,48
EVALUATION_SPATIAL_COMPARABLE,PERSISTENCE,1,h1_2026-04,2026-04,2026-05,368.04,777.7409080150021,6.092293902353941,0.9887886191844492,0.0,25
EVALUATION_SPATIAL_COMPARABLE,LGBM_TEMPORAL,1,h1_2026-04,2026-04,2026-05,495.7459672520705,931.6339618312361,7.888844045261996,0.9839128229057793,0.52,25
EVALUATION_SPATIAL_COMPARABLE,LGBM_TEMPORAL_SPATIAL,1,h1_2026-04,2026-04,2026-05,485.51951118924023,920.6194760743613,7.919354332153848,0.9842909639803816,0.52,25
EVALUATION_ALL,PERSISTENCE,1,h1_2026-05,2026-05,2026-06,1226.923076923077,1827.7703609336957,11.882513802602693,0.9796264187146871,0.0,65
EVALUATION_ALL,LGBM_TEMPORAL,1,h1_2026-05,2026-05,2026-06,822.1565500793914,1215.0792483710445,8.774489546026643,0.9909960448508324,0.8615384615384616,65
EVALUATION_ALL,LGBM_TEMPORAL_SPATIAL,1,h1_2026-05,2026-05,2026-06,805.2712150246275,1190.961662987219,8.765586632451763,0.9913499288672378,0.8307692307692308,65
EVALUATION_SPATIAL_COMPARABLE,PERSISTENCE,1,h1_2026-05,2026-05,2026-06,1291.3023255813953,1961.1298357217809,11.92165839136372,0.9641451743105023,0.0,43
EVALUATION_SPATIAL_COMPARABLE,LGBM_TEMPORAL,1,h1_2026-05,2026-05,2026-06,833.1056671624261,1279.141171960745,8.584612595589949,0.9847464167215438,0.9302325581395349,43
EVALUATION_SPATIAL_COMPARABLE,LGBM_TEMPORAL_SPATIAL,1,h1_2026-05,2026-05,2026-06,842.941172034841,1295.7916476582031,8.682463561516501,0.984346722867726,0.8837209302325582,43
EVALUATION_ALL,PERSISTENCE,1,h1_2026-06,2026-06,2026-07,472.2093023255814,758.0755469501182,7.827257122442479,0.9824568296063558,0.0,43
EVALUATION_ALL,LGBM_TEMPORAL,1,h1_2026-06,2026-06,2026-07,495.42813601305653,870.1806764111692,8.994285948864961,0.9768845700582626,0.6511627906976745,43
EVALUATION_ALL,LGBM_TEMPORAL_SPATIAL,1,h1_2026-06,2026-06,2026-07,574.3350652508828,966.5317321062437,9.581836952750539,0.9714822446134316,0.6511627906976745,43
EVALUATION_SPATIAL_COMPARABLE,PERSISTENCE,1,h1_2026-06,2026-06,2026-07,524.0,844.2109652487072,8.648551686027584,0.9840318878637317,0.0,26
EVALUATION_SPATIAL_COMPARABLE,LGBM_TEMPORAL,1,h1_2026-06,2026-06,2026-07,603.3980527985616,1052.8578275575985,10.597469208118678,0.9751634621175039,0.5769230769230769,26
EVALUATION_SPATIAL_COMPARABLE,LGBM_TEMPORAL_SPATIAL,1,h1_2026-06,2026-06,2026-07,731.0236018818554,1179.8732741707713,12.169347239870199,0.9688095009261695,0.6153846153846154,26
EVALUATION_ALL,PERSISTENCE,1,h1_2026-07,2026-07,2026-08,392.0967741935484,549.4165527057743,6.3888069913589005,0.9963667780956201,0.0,62
EVALUATION_ALL,LGBM_TEMPORAL,1,h1_2026-07,2026-07,2026-08,443.75382859558994,652.812605305457,6.171654501928003,0.9948706125125685,0.6935483870967742,62
EVALUATION_ALL,LGBM_TEMPORAL_SPATIAL,1,h1_2026-07,2026-07,2026-08,475.6086389829604,692.5635784043589,6.884751056216004,0.9942269177957852,0.6451612903225806,62
EVALUATION_SPATIAL_COMPARABLE,PERSISTENCE,1,h1_2026-07,2026-07,2026-08,373.7142857142857,524.6032968325867,6.174022164380677,0.9955728648735898,0.0,42
EVALUATION_SPATIAL_COMPARABLE,LGBM_TEMPORAL,1,h1_2026-07,2026-07,2026-08,413.6785824070572,612.8844133781321,5.865736891260168,0.993957482732741,0.7142857142857143,42
EVALUATION_SPATIAL_COMPARABLE,LGBM_TEMPORAL_SPATIAL,1,h1_2026-07,2026-07,2026-08,453.08748888534916,676.2611963470531,6.901072845531077,0.9926431875650308,0.6428571428571429,42
EVALUATION_ALL,PERSISTENCE,3,h3_2024-11,2024-11,2025-02,793.2363636363636,1134.691051263815,9.470710573512527,0.9693996937468464,0.0,55
EVALUATION_ALL,LGBM_TEMPORAL,3,h3_2024-11,2024-11,2025-02,5286.6673133677305,5600.237912898167,60.83303713364367,0.2546101612195413,0.05454545454545454,55
EVALUATION_ALL,LGBM_TEMPORAL_SPATIAL,3,h3_2024-11,2024-11,2025-02,5204.6214401130865,5611.229025548696,58.93618946514555,0.25168146306859807,0.05454545454545454,55
EVALUATION_SPATIAL_COMPARABLE,PERSISTENCE,3,h3_2024-11,2024-11,2025-02,,,,,,0
EVALUATION_SPATIAL_COMPARABLE,LGBM_TEMPORAL,3,h3_2024-11,2024-11,2025-02,,,,,,0
EVALUATION_SPATIAL_COMPARABLE,LGBM_TEMPORAL_SPATIAL,3,h3_2024-11,2024-11,2025-02,,,,,,0
EVALUATION_ALL,PERSISTENCE,3,h3_2024-12,2024-12,2025-03,1786.1756756756756,4058.831756765699,12.729848642995197,0.9427808658084283,0.0,74
EVALUATION_ALL,LGBM_TEMPORAL,3,h3_2024-12,2024-12,2025-03,5200.334960885465,6295.378617953216,43.71023731928857,0.8623478839477524,0.9324324324324325,74
EVALUATION_ALL,LGBM_TEMPORAL_SPATIAL,3,h3_2024-12,2024-12,2025-03,4107.897401358951,5321.881573290384,35.96866969468472,0.9016284318070454,0.9324324324324325,74
EVALUATION_SPATIAL_COMPARABLE,PERSISTENCE,3,h3_2024-12,2024-12,2025-03,,,,,,0
EVALUATION_SPATIAL_COMPARABLE,LGBM_TEMPORAL,3,h3_2024-12,2024-12,2025-03,,,,,,0
EVALUATION_SPATIAL_COMPARABLE,LGBM_TEMPORAL_SPATIAL,3,h3_2024-12,2024-12,2025-03,,,,,,0
EVALUATION_ALL,PERSISTENCE,3,h3_2025-01,2025-01,2025-04,576.2641509433962,803.0786516616645,6.525164243495765,0.9914022191495062,0.0,53
EVALUATION_ALL,LGBM_TEMPORAL,3,h3_2025-01,2025-01,2025-04,4664.777388095516,5737.845103303088,40.23207456114304,0.5610977079071056,0.32075471698113206,53
EVALUATION_ALL,LGBM_TEMPORAL_SPATIAL,3,h3_2025-01,2025-01,2025-04,5026.5525230625735,6425.226771868798,39.6176746017788,0.4496396611666893,0.32075471698113206,53
EVALUATION_SPATIAL_COMPARABLE,PERSISTENCE,3,h3_2025-01,2025-01,2025-04,,,,,,0
EVALUATION_SPATIAL_COMPARABLE,LGBM_TEMPORAL,3,h3_2025-01,2025-01,2025-04,,,,,,0
EVALUATION_SPATIAL_COMPARABLE,LGBM_TEMPORAL_SPATIAL,3,h3_2025-01,2025-01,2025-04,,,,,,0
EVALUATION_ALL,PERSISTENCE,3,h3_2025-02,2025-02,2025-05,473.7,664.6188832707057,5.999105325457129,0.9949395756571044,0.0,50
EVALUATION_ALL,LGBM_TEMPORAL,3,h3_2025-02,2025-02,2025-05,1431.5688363819756,1991.168685652243,15.235539719352262,0.9545788954879305,0.72,50
EVALUATION_ALL,LGBM_TEMPORAL_SPATIAL,3,h3_2025-02,2025-02,2025-05,1606.5480755647245,2549.628444383177,14.81108759407225,0.9255275957576694,0.7,50
EVALUATION_SPATIAL_COMPARABLE,PERSISTENCE,3,h3_2025-02,2025-02,2025-05,483.1333333333333,670.6152896159367,5.350520761358678,0.9952031315857202,0.0,30
EVALUATION_SPATIAL_COMPARABLE,LGBM_TEMPORAL,3,h3_2025-02,2025-02,2025-05,1533.2388655733741,2082.0310660072864,14.584931851040823,0.9537634613883493,0.7,30
EVALUATION_SPATIAL_COMPARABLE,LGBM_TEMPORAL_SPATIAL,3,h3_2025-02,2025-02,2025-05,1839.4528440727042,2845.8193764825055,14.657844136417511,0.9136175400182072,0.6666666666666666,30
EVALUATION_ALL,PERSISTENCE,3,h3_2025-03,2025-03,2025-06,1126.322033898305,1649.1450738416772,12.348076343794865,0.9681953853300616,0.0,59
EVALUATION_ALL,LGBM_TEMPORAL,3,h3_2025-03,2025-03,2025-06,1873.4345563887448,5814.549396538018,14.198517149555979,0.6046292438748393,0.711864406779661,59
EVALUATION_ALL,LGBM_TEMPORAL_SPATIAL,3,h3_2025-03,2025-03,2025-06,1716.0932485945852,4476.7580806613605,13.925867773530173,0.765631269839159,0.576271186440678,59
EVALUATION_SPATIAL_COMPARABLE,PERSISTENCE,3,h3_2025-03,2025-03,2025-06,1163.162162162162,1539.6400158408387,14.05580283627945,0.9397810890522661,0.0,37
EVALUATION_SPATIAL_COMPARABLE,LGBM_TEMPORAL,3,h3_2025-03,2025-03,2025-06,1260.1805861635291,1886.134636065199,14.448146427416944,0.9096267506312664,0.6756756756756757,37
EVALUATION_SPATIAL_COMPARABLE,LGBM_TEMPORAL_SPATIAL,3,h3_2025-03,2025-03,2025-06,1435.267188874709,2093.8157393123724,15.644571868376728,0.8886291749038288,0.5405405405405406,37
EVALUATION_ALL,PERSISTENCE,3,h3_2025-04,2025-04,2025-07,500.6842105263158,842.7507695927205,6.506687338077766,0.9934361036497164,0.0,57
EVALUATION_ALL,LGBM_TEMPORAL,3,h3_2025-04,2025-04,2025-07,1401.2706767387676,3041.0556586192147,18.12452759270586,0.9145303084460366,0.3684210526315789,57
EVALUATION_ALL,LGBM_TEMPORAL_SPATIAL,3,h3_2025-04,2025-04,2025-07,974.8000999318292,2503.2662872608953,11.572759542426182,0.9420868083387312,0.5087719298245614,57
EVALUATION_SPATIAL_COMPARABLE,PERSISTENCE,3,h3_2025-04,2025-04,2025-07,462.1764705882353,830.0822425589917,6.850213922280507,0.9760939189060017,0.0,34
EVALUATION_SPATIAL_COMPARABLE,LGBM_TEMPORAL,3,h3_2025-04,2025-04,2025-07,1192.873277538708,1573.0451284980065,18.70451663667957,0.9141483777725602,0.3235294117647059,34
EVALUATION_SPATIAL_COMPARABLE,LGBM_TEMPORAL_SPATIAL,3,h3_2025-04,2025-04,2025-07,792.6505692130968,1178.2121284426712,12.208816904314466,0.9518370455724751,0.47058823529411764,34
EVALUATION_ALL,PERSISTENCE,3,h3_2025-05,2025-05,2025-08,1343.8194444444443,2398.716853166848,10.177457975042179,0.9820140439782183,0.0,72
EVALUATION_ALL,LGBM_TEMPORAL,3,h3_2025-05,2025-05,2025-08,1417.6117737174573,3887.296526098674,9.117249428371,0.9527642413732192,0.8472222222222222,72
EVALUATION_ALL,LGBM_TEMPORAL_SPATIAL,3,h3_2025-05,2025-05,2025-08,1448.9981016838062,3489.7852562306757,9.974210605431987,0.9619308691839215,0.8055555555555556,72
EVALUATION_SPATIAL_COMPARABLE,PERSISTENCE,3,h3_2025-05,2025-05,2025-08,991.0,1513.39770616361,9.941593556933327,0.975513583486978,0.0,47
EVALUATION_SPATIAL_COMPARABLE,LGBM_TEMPORAL,3,h3_2025-05,2025-05,2025-08,860.2018955734987,1344.4131593982747,9.14296664009341,0.980676553042378,0.7872340425531915,47
EVALUATION_SPATIAL_COMPARABLE,LGBM_TEMPORAL_SPATIAL,3,h3_2025-05,2025-05,2025-08,985.15259814899,1539.8879395203783,10.412030262911179,0.974648869846434,0.7872340425531915,47
EVALUATION_ALL,PERSISTENCE,3,h3_2025-06,2025-06,2025-09,440.12698412698415,623.9873574217848,5.4783826584681075,0.9962827042028511,0.0,63
EVALUATION_ALL,LGBM_TEMPORAL,3,h3_2025-06,2025-06,2025-09,937.7043779657024,1682.9320830451604,9.310627578294165,0.9729598734895846,0.49206349206349204,63
EVALUATION_ALL,LGBM_TEMPORAL_SPATIAL,3,h3_2025-06,2025-06,2025-09,857.003336388462,1386.698523930447,10.107128185044068,0.9816413963373545,0.5238095238095238,63
EVALUATION_SPATIAL_COMPARABLE,PERSISTENCE,3,h3_2025-06,2025-06,2025-09,381.8205128205128,557.0572175187605,4.9132459803518,0.9968498145778515,0.0,39
EVALUATION_SPATIAL_COMPARABLE,LGBM_TEMPORAL,3,h3_2025-06,2025-06,2025-09,916.4239943683676,1478.3841607347258,9.882992692737332,0.9778123601312719,0.41025641025641024,39
EVALUATION_SPATIAL_COMPARABLE,LGBM_TEMPORAL_SPATIAL,3,h3_2025-06,2025-06,2025-09,809.0321420467361,1374.6582229221428,10.475814296211354,0.9808165826686611,0.5128205128205128,39
EVALUATION_ALL,PERSISTENCE,3,h3_2025-08,2025-08,2025-11,580.8923076923077,881.2648427555266,7.6656216021789545,0.9863175197563384,0.0,65
EVALUATION_ALL,LGBM_TEMPORAL,3,h3_2025-08,2025-08,2025-11,725.2412606396263,1089.9742675974396,9.613020743970312,0.9790692673434106,0.5076923076923077,65
EVALUATION_ALL,LGBM_TEMPORAL_SPATIAL,3,h3_2025-08,2025-08,2025-11,711.3197822728478,995.6728187906165,8.858258794716951,0.982534330290621,0.5076923076923077,65
EVALUATION_SPATIAL_COMPARABLE,PERSISTENCE,3,h3_2025-08,2025-08,2025-11,601.1777777777778,939.3966739940647,7.197385701956363,0.9865888623350957,0.0,45
EVALUATION_SPATIAL_COMPARABLE,LGBM_TEMPORAL,3,h3_2025-08,2025-08,2025-11,804.9872794448136,1201.4026229246763,10.104894626383128,0.9780646415493178,0.4444444444444444,45
EVALUATION_SPATIAL_COMPARABLE,LGBM_TEMPORAL_SPATIAL,3,h3_2025-08,2025-08,2025-11,751.9703795517287,1022.2392091859406,8.889597470311694,0.9841191898551745,0.4444444444444444,45
EVALUATION_ALL,PERSISTENCE,3,h3_2025-09,2025-09,2025-12,1342.2037037037037,3839.362724415294,11.681258230551238,0.7790971330494757,0.0,54
EVALUATION_ALL,LGBM_TEMPORAL,3,h3_2025-09,2025-09,2025-12,1510.3396335125847,3321.9107940155163,23.66447917573144,0.8346291358797711,0.7222222222222222,54
EVALUATION_ALL,LGBM_TEMPORAL_SPATIAL,3,h3_2025-09,2025-09,2025-12,1109.8228362871714,2998.721859808708,12.219578527203128,0.8652417274337738,0.7592592592592593,54
EVALUATION_SPATIAL_COMPARABLE,PERSISTENCE,3,h3_2025-09,2025-09,2025-12,958.0967741935484,1564.9373995518572,10.330048339273032,0.9610743117687707,0.0,31
EVALUATION_SPATIAL_COMPARABLE,LGBM_TEMPORAL,3,h3_2025-09,2025-09,2025-12,1243.287170377255,1840.0836960257818,24.977878944588976,0.9461832440359954,0.7419354838709677,31
EVALUATION_SPATIAL_COMPARABLE,LGBM_TEMPORAL_SPATIAL,3,h3_2025-09,2025-09,2025-12,847.798823960129,1290.640460090371,11.856453702396074,0.9735239671123365,0.7741935483870968,31
EVALUATION_ALL,PERSISTENCE,3,h3_2025-10,2025-10,2026-01,1256.7169811320755,2156.616339949192,12.807379031119673,0.9397037895508321,0.0,53
EVALUATION_ALL,LGBM_TEMPORAL,3,h3_2025-10,2025-10,2026-01,1144.5892590265316,2315.985355431162,10.935452215792225,0.9304630155462852,0.8301886792452831,53
EVALUATION_ALL,LGBM_TEMPORAL_SPATIAL,3,h3_2025-10,2025-10,2026-01,1469.805246724755,2876.7334621929867,13.624437410548257,0.8927138933019937,0.6037735849056604,53
EVALUATION_SPATIAL_COMPARABLE,PERSISTENCE,3,h3_2025-10,2025-10,2026-01,1070.225806451613,1790.6284263605116,12.608526087010777,0.9594137597502145,0.0,31
EVALUATION_SPATIAL_COMPARABLE,LGBM_TEMPORAL,3,h3_2025-10,2025-10,2026-01,1064.4611369221318,2330.0681699523698,11.427732992789885,0.9312765225544747,0.8064516129032258,31
EVALUATION_SPATIAL_COMPARABLE,LGBM_TEMPORAL_SPATIAL,3,h3_2025-10,2025-10,2026-01,1527.7856122538021,2991.8125932967146,16.14579651572511,0.8866982430852368,0.5161290322580645,31
EVALUATION_ALL,PERSISTENCE,3,h3_2025-11,2025-11,2026-02,744.6338028169014,1200.9928932252117,6.872449709832695,0.9924828016377562,0.0,71
EVALUATION_ALL,LGBM_TEMPORAL,3,h3_2025-11,2025-11,2026-02,1442.1782513424625,3830.980004561949,9.272882048983826,0.9235117180796848,0.5915492957746479,71
EVALUATION_ALL,LGBM_TEMPORAL_SPATIAL,3,h3_2025-11,2025-11,2026-02,1684.2207606371428,3450.3589671751397,10.07892229211885,0.9379554418282025,0.5070422535211268,71
EVALUATION_SPATIAL_COMPARABLE,PERSISTENCE,3,h3_2025-11,2025-11,2026-02,675.6666666666666,1128.6244823776517,5.523212710755447,0.9920217961300277,0.0,45
EVALUATION_SPATIAL_COMPARABLE,LGBM_TEMPORAL,3,h3_2025-11,2025-11,2026-02,1288.08641436734,3549.3378802104576,8.374848250729187,0.9210956613081119,0.5777777777777777,45
EVALUATION_SPATIAL_COMPARABLE,LGBM_TEMPORAL_SPATIAL,3,h3_2025-11,2025-11,2026-02,1672.8382437409277,3178.246007596149,9.35236020654198,0.9367324209577498,0.5333333333333333,45
EVALUATION_ALL,PERSISTENCE,3,h3_2025-12,2025-12,2026-03,1625.8082191780823,2189.1544936939176,17.739355836049416,0.9344109488360081,0.0,73
EVALUATION_ALL,LGBM_TEMPORAL,3,h3_2025-12,2025-12,2026-03,979.0217215148732,1840.380581964927,9.332772414379056,0.9536452963094026,1.0,73
EVALUATION_ALL,LGBM_TEMPORAL_SPATIAL,3,h3_2025-12,2025-12,2026-03,1176.5669870074958,2009.232412276965,11.071928541062274,0.9447491612246672,1.0,73
EVALUATION_SPATIAL_COMPARABLE,PERSISTENCE,3,h3_2025-12,2025-12,2026-03,1550.8125,2133.9142389436993,16.018685233909817,0.9265268119000295,0.0,48
EVALUATION_SPATIAL_COMPARABLE,LGBM_TEMPORAL,3,h3_2025-12,2025-12,2026-03,747.5277422215904,1030.8977198814368,8.155782942007093,0.9828522903887834,1.0,48
EVALUATION_SPATIAL_COMPARABLE,LGBM_TEMPORAL_SPATIAL,3,h3_2025-12,2025-12,2026-03,1107.4047933729823,1611.4539014959664,10.800163021043092,0.9581003172437359,1.0,48
EVALUATION_ALL,PERSISTENCE,3,h3_2026-01,2026-01,2026-04,938.876923076923,1474.5586719161354,8.474642273624287,0.9924074425325639,0.0,65
EVALUATION_ALL,LGBM_TEMPORAL,3,h3_2026-01,2026-01,2026-04,1850.799441275794,6729.454351141325,9.371508131927303,0.8418665756871754,0.5692307692307692,65
EVALUATION_ALL,LGBM_TEMPORAL_SPATIAL,3,h3_2026-01,2026-01,2026-04,1718.1884010488022,5253.784952341618,9.7447686659178,0.9036151985281331,0.5384615384615384,65
EVALUATION_SPATIAL_COMPARABLE,PERSISTENCE,3,h3_2026-01,2026-01,2026-04,799.9459459459459,1285.5591274889966,8.30180359744178,0.9786123845734573,0.0,37
EVALUATION_SPATIAL_COMPARABLE,LGBM_TEMPORAL,3,h3_2026-01,2026-01,2026-04,688.3358371965423,1161.3494637780898,7.529216764135335,0.9825456330737277,0.5675675675675675,37
EVALUATION_SPATIAL_COMPARABLE,LGBM_TEMPORAL_SPATIAL,3,h3_2026-01,2026-01,2026-04,901.2593659765633,1541.622303699478,9.258853253452397,0.9692436904085774,0.5135135135135135,37
EVALUATION_ALL,PERSISTENCE,3,h3_2026-02,2026-02,2026-05,725.2280701754386,1152.884391885254,8.09505023867981,0.9848945548785323,0.0,57
EVALUATION_ALL,LGBM_TEMPORAL,3,h3_2026-02,2026-02,2026-05,841.0143860390413,1359.2230711478246,9.34801047514533,0.9790036654884657,0.5789473684210527,57
EVALUATION_ALL,LGBM_TEMPORAL_SPATIAL,3,h3_2026-02,2026-02,2026-05,784.3016717513724,1174.665573823346,9.145478549223556,0.9843183957280381,0.5614035087719298,57
EVALUATION_SPATIAL_COMPARABLE,PERSISTENCE,3,h3_2026-02,2026-02,2026-05,759.0,1195.1758177331558,8.676514350986608,0.9729281000139044,0.0,34
EVALUATION_SPATIAL_COMPARABLE,LGBM_TEMPORAL,3,h3_2026-02,2026-02,2026-05,859.2291238092357,1301.7499662329994,9.985377983756281,0.9678848250421507,0.6176470588235294,34
EVALUATION_SPATIAL_COMPARABLE,LGBM_TEMPORAL_SPATIAL,3,h3_2026-02,2026-02,2026-05,946.4257176353444,1369.3057580621698,10.41608487802997,0.9644650252671505,0.5,34
EVALUATION_ALL,PERSISTENCE,3,h3_2026-03,2026-03,2026-06,1411.5230769230768,1939.9703209466495,14.724618055301184,0.9655901101139365,0.0,65
EVALUATION_ALL,LGBM_TEMPORAL,3,h3_2026-03,2026-03,2026-06,803.7061492642268,1146.3781854399224,8.937068624571596,0.9879843038450907,0.9230769230769231,65
EVALUATION_ALL,LGBM_TEMPORAL_SPATIAL,3,h3_2026-03,2026-03,2026-06,941.7205497626971,1531.068231014544,10.034829156673366,0.9785670376274019,0.8923076923076924,65
EVALUATION_SPATIAL_COMPARABLE,PERSISTENCE,3,h3_2026-03,2026-03,2026-06,1393.15,1898.7283639320292,14.24145900056796,0.941091342879187,0.0,40
EVALUATION_SPATIAL_COMPARABLE,LGBM_TEMPORAL,3,h3_2026-03,2026-03,2026-06,913.0892195494969,1247.9255387491867,9.337542157216905,0.9745533397288269,0.925,40
EVALUATION_SPATIAL_COMPARABLE,LGBM_TEMPORAL_SPATIAL,3,h3_2026-03,2026-03,2026-06,1065.2112253797272,1683.3294850658892,11.436061138081252,0.9536988574938321,0.9,40
EVALUATION_ALL,PERSISTENCE,3,h3_2026-04,2026-04,2026-07,797.2083333333334,1659.369094465323,9.284602990758213,0.9633586296861709,0.0,48
EVALUATION_ALL,LGBM_TEMPORAL,3,h3_2026-04,2026-04,2026-07,662.7511494463776,1284.4028482914941,10.048166586716748,0.9780472853294335,0.7083333333333334,48
EVALUATION_ALL,LGBM_TEMPORAL_SPATIAL,3,h3_2026-04,2026-04,2026-07,656.9546873287314,1362.7641724004525,9.477519154254498,0.9752869056466883,0.6875,48
EVALUATION_SPATIAL_COMPARABLE,PERSISTENCE,3,h3_2026-04,2026-04,2026-07,724.36,1499.868754258185,12.063473296262748,0.9460456905384929,0.0,25
EVALUATION_SPATIAL_COMPARABLE,LGBM_TEMPORAL,3,h3_2026-04,2026-04,2026-07,765.2126521194622,1431.0818859470935,13.676536682161187,0.9508811045546988,0.72,25
EVALUATION_SPATIAL_COMPARABLE,LGBM_TEMPORAL_SPATIAL,3,h3_2026-04,2026-04,2026-07,723.0154206668471,1515.2989234596857,12.73739483024679,0.9449298509125336,0.72,25
EVALUATION_ALL,PERSISTENCE,3,h3_2026-05,2026-05,2026-08,1153.4615384615386,1844.4104874332736,11.714600246638557,0.9788631044354117,0.0,65
EVALUATION_ALL,LGBM_TEMPORAL,3,h3_2026-05,2026-05,2026-08,973.111193294099,2085.4373511457134,9.691217667928923,0.9729778232078802,0.7692307692307693,65
EVALUATION_ALL,LGBM_TEMPORAL_SPATIAL,3,h3_2026-05,2026-05,2026-08,1361.4832838658401,2870.412372735698,12.996262875659692,0.948806523582295,0.6923076923076923,65
EVALUATION_SPATIAL_COMPARABLE,PERSISTENCE,3,h3_2026-05,2026-05,2026-08,1025.1860465116279,1748.2103473565905,10.296130215329756,0.9730467357793929,0.0,43
EVALUATION_SPATIAL_COMPARABLE,LGBM_TEMPORAL,3,h3_2026-05,2026-05,2026-08,735.3145328468329,1375.195641094518,8.35645872100322,0.983321654352323,0.813953488372093,43
EVALUATION_SPATIAL_COMPARABLE,LGBM_TEMPORAL_SPATIAL,3,h3_2026-05,2026-05,2026-08,1274.0797587815387,2832.8929390155317,12.666948065315967,0.9292242761606974,0.7441860465116279,43
EVALUATION_ALL,PERSISTENCE,6,h6_2024-08,2024-08,2025-02,1027.549019607843,1541.235568766622,12.19801129626467,0.9538579305717525,0.0,51
EVALUATION_ALL,LGBM_TEMPORAL,6,h6_2024-08,2024-08,2025-02,3728.0103920903634,5028.348358440499,34.84351422125371,0.5088549888321556,0.29411764705882354,51
EVALUATION_ALL,LGBM_TEMPORAL_SPATIAL,6,h6_2024-08,2024-08,2025-02,4006.8441523411443,5152.403513746625,39.24236593815401,0.48432181751017667,0.29411764705882354,51
EVALUATION_SPATIAL_COMPARABLE,PERSISTENCE,6,h6_2024-08,2024-08,2025-02,1169.4166666666667,1788.171785185454,12.975391259478094,0.9279354581124828,0.0,24
EVALUATION_SPATIAL_COMPARABLE,LGBM_TEMPORAL,6,h6_2024-08,2024-08,2025-02,3683.020792228748,5188.442924646417,33.79054225235094,0.39329546477967436,0.4166666666666667,24
EVALUATION_SPATIAL_COMPARABLE,LGBM_TEMPORAL_SPATIAL,6,h6_2024-08,2024-08,2025-02,3893.1193010243605,5118.796615323979,38.192479197545914,0.40947416509982426,0.4166666666666667,24
EVALUATION_ALL,PERSISTENCE,6,h6_2024-09,2024-09,2025-03,1396.3173076923076,2641.9795008084957,6.266234857578203,0.9976167232137081,0.0,104
EVALUATION_ALL,LGBM_TEMPORAL,6,h6_2024-09,2024-09,2025-03,15494.714989891603,39032.7828440697,39.90079377503575,0.47979487492989736,0.5288461538461539,104
EVALUATION_ALL,LGBM_TEMPORAL_SPATIAL,6,h6_2024-09,2024-09,2025-03,15673.526521216418,39568.12167640158,39.76437517085378,0.4654276832202634,0.5288461538461539,104
EVALUATION_SPATIAL_COMPARABLE,PERSISTENCE,6,h6_2024-09,2024-09,2025-03,1116.6521739130435,2036.248351215069,6.372075487456796,0.9940557066976163,0.0,69
EVALUATION_SPATIAL_COMPARABLE,LGBM_TEMPORAL,6,h6_2024-09,2024-09,2025-03,8598.538227692165,11969.72519478329,37.3497841343703,0.7945968504749445,0.5362318840579711,69
EVALUATION_SPATIAL_COMPARABLE,LGBM_TEMPORAL_SPATIAL,6,h6_2024-09,2024-09,2025-03,8727.240565724633,12049.464621881321,37.87560046586827,0.7918510422336014,0.5362318840579711,69
EVALUATION_ALL,PERSISTENCE,6,h6_2024-11,2024-11,2025-05,748.9636363636364,1092.0667062542886,9.261662875461795,0.9724663966433135,0.0,55
EVALUATION_ALL,LGBM_TEMPORAL,6,h6_2024-11,2024-11,2025-05,12073.291533409347,12216.650998492114,97.7770427909765,-2.445633270708444,0.16363636363636364,55
EVALUATION_ALL,LGBM_TEMPORAL_SPATIAL,6,h6_2024-11,2024-11,2025-05,10322.634803465933,10590.61217769388,89.79008913539289,-1.589445931104975,0.16363636363636364,55
EVALUATION_SPATIAL_COMPARABLE,PERSISTENCE,6,h6_2024-11,2024-11,2025-05,,,,,,0
EVALUATION_SPATIAL_COMPARABLE,LGBM_TEMPORAL,6,h6_2024-11,2024-11,2025-05,,,,,,0
EVALUATION_SPATIAL_COMPARABLE,LGBM_TEMPORAL_SPATIAL,6,h6_2024-11,2024-11,2025-05,,,,,,0
EVALUATION_ALL,PERSISTENCE,6,h6_2024-12,2024-12,2025-06,1067.027027027027,2582.2151971368157,7.714827275663175,0.9698132976630859,0.0,74
EVALUATION_ALL,LGBM_TEMPORAL,6,h6_2024-12,2024-12,2025-06,9487.944804163177,10979.288479477598,70.12174751410348,0.45426827751959065,0.4189189189189189,74
EVALUATION_ALL,LGBM_TEMPORAL_SPATIAL,6,h6_2024-12,2024-12,2025-06,7989.188349660769,9564.675546512048,61.75155322824022,0.5858370058220285,0.4189189189189189,74
EVALUATION_SPATIAL_COMPARABLE,PERSISTENCE,6,h6_2024-12,2024-12,2025-06,,,,,,0
EVALUATION_SPATIAL_COMPARABLE,LGBM_TEMPORAL,6,h6_2024-12,2024-12,2025-06,,,,,,0
EVALUATION_SPATIAL_COMPARABLE,LGBM_TEMPORAL_SPATIAL,6,h6_2024-12,2024-12,2025-06,,,,,,0
EVALUATION_ALL,PERSISTENCE,6,h6_2025-01,2025-01,2025-07,674.6981132075472,1019.4270773516544,7.312385032430573,0.9856632445669329,0.0,53
EVALUATION_ALL,LGBM_TEMPORAL,6,h6_2025-01,2025-01,2025-07,4102.915333968773,5413.2308658995535,31.576053871897326,0.5957484944391077,0.2641509433962264,53
EVALUATION_ALL,LGBM_TEMPORAL_SPATIAL,6,h6_2025-01,2025-01,2025-07,4377.109854913993,5647.015434061175,34.04198990712389,0.5600771739903605,0.3018867924528302,53
EVALUATION_SPATIAL_COMPARABLE,PERSISTENCE,6,h6_2025-01,2025-01,2025-07,,,,,,0
EVALUATION_SPATIAL_COMPARABLE,LGBM_TEMPORAL,6,h6_2025-01,2025-01,2025-07,,,,,,0
EVALUATION_SPATIAL_COMPARABLE,LGBM_TEMPORAL_SPATIAL,6,h6_2025-01,2025-01,2025-07,,,,,,0
EVALUATION_ALL,PERSISTENCE,6,h6_2025-02,2025-02,2025-08,714.22,1153.1276165281968,8.048065488767579,0.981547640389214,0.0,50
EVALUATION_ALL,LGBM_TEMPORAL,6,h6_2025-02,2025-02,2025-08,889.7771408220892,1318.1177184598998,10.48709985079703,0.9758895365097188,0.48,50
EVALUATION_ALL,LGBM_TEMPORAL_SPATIAL,6,h6_2025-02,2025-02,2025-08,1029.2835915948322,1722.5423777522367,10.539465168091743,0.9588246790012501,0.46,50
EVALUATION_SPATIAL_COMPARABLE,PERSISTENCE,6,h6_2025-02,2025-02,2025-08,844.9333333333333,1356.8542048920854,8.061938738108733,0.9763904773902068,0.0,30
EVALUATION_SPATIAL_COMPARABLE,LGBM_TEMPORAL,6,h6_2025-02,2025-02,2025-08,830.7845372776368,1188.6540493109678,8.77726176896747,0.9818811018281183,0.5666666666666667,30
EVALUATION_SPATIAL_COMPARABLE,LGBM_TEMPORAL_SPATIAL,6,h6_2025-02,2025-02,2025-08,934.2821927556786,1351.990432525987,9.415931515894787,0.9765594351622668,0.43333333333333335,30
EVALUATION_ALL,PERSISTENCE,6,h6_2025-03,2025-03,2025-09,1033.4406779661017,1633.6439200839081,10.716264783917223,0.96847493826109,0.0,59
EVALUATION_ALL,LGBM_TEMPORAL,6,h6_2025-03,2025-03,2025-09,1384.4820486307678,3462.2488676412327,11.841455633810519,0.8584018080342275,0.576271186440678,59
EVALUATION_ALL,LGBM_TEMPORAL_SPATIAL,6,h6_2025-03,2025-03,2025-09,1579.2554084153746,2871.915982143168,15.580035654244274,0.9025718165622156,0.423728813559322,59
EVALUATION_SPATIAL_COMPARABLE,PERSISTENCE,6,h6_2025-03,2025-03,2025-09,931.1081081081081,1200.4599006101673,11.365175933611567,0.9668371258031164,0.0,37
EVALUATION_SPATIAL_COMPARABLE,LGBM_TEMPORAL,6,h6_2025-03,2025-03,2025-09,1055.6011813960708,1635.5703050771194,12.069813976938338,0.9384404718955324,0.5945945945945946,37
EVALUATION_SPATIAL_COMPARABLE,LGBM_TEMPORAL_SPATIAL,6,h6_2025-03,2025-03,2025-09,1404.5109563544909,1870.0197329983862,17.430229930186098,0.9195271788615232,0.35135135135135137,37
EVALUATION_ALL,PERSISTENCE,6,h6_2025-05,2025-05,2025-11,1399.875,2802.19286403028,8.67633650828017,0.9740138888089718,0.0,72
EVALUATION_ALL,LGBM_TEMPORAL,6,h6_2025-05,2025-05,2025-11,2011.2435179885017,5286.816831799232,10.216564450621068,0.9075016949262682,0.7222222222222222,72
EVALUATION_ALL,LGBM_TEMPORAL_SPATIAL,6,h6_2025-05,2025-05,2025-11,1783.5540330598387,4276.892899826267,11.61681948519347,0.9394656342014193,0.7083333333333334,72
EVALUATION_SPATIAL_COMPARABLE,PERSISTENCE,6,h6_2025-05,2025-05,2025-11,912.9787234042553,1442.4652361311203,8.175463564458724,0.9771079006423052,0.0,47
EVALUATION_SPATIAL_COMPARABLE,LGBM_TEMPORAL,6,h6_2025-05,2025-05,2025-11,1023.9870352225818,1550.3865845361652,9.469346220343166,0.9735543092482182,0.7446808510638298,47
EVALUATION_SPATIAL_COMPARABLE,LGBM_TEMPORAL_SPATIAL,6,h6_2025-05,2025-05,2025-11,935.6895141034679,1371.766515982906,11.64124851140458,0.9792969034679634,0.7021276595744681,47
EVALUATION_ALL,PERSISTENCE,6,h6_2025-06,2025-06,2025-12,888.1428571428571,1626.2011775427018,9.708321294421072,0.9685964620130239,0.0,63
EVALUATION_ALL,LGBM_TEMPORAL,6,h6_2025-06,2025-06,2025-12,1214.4306647183823,2613.3338203190656,12.225165717294571,0.9189001941146475,0.6984126984126984,63
EVALUATION_ALL,LGBM_TEMPORAL_SPATIAL,6,h6_2025-06,2025-06,2025-12,1289.9545875655472,2763.7634311193297,14.38067010252177,0.9092948868938538,0.6507936507936508,63
EVALUATION_SPATIAL_COMPARABLE,PERSISTENCE,6,h6_2025-06,2025-06,2025-12,778.6666666666666,1215.933175458046,9.252476097341427,0.981730689640311,0.0,39
EVALUATION_SPATIAL_COMPARABLE,LGBM_TEMPORAL,6,h6_2025-06,2025-06,2025-12,1246.4296072926995,2899.4066818217334,12.842442856393916,0.8961226148730648,0.717948717948718,39
EVALUATION_SPATIAL_COMPARABLE,LGBM_TEMPORAL_SPATIAL,6,h6_2025-06,2025-06,2025-12,1289.1651943802983,2957.302494616084,15.941490185045321,0.8919327158916007,0.6666666666666666,39
EVALUATION_ALL,PERSISTENCE,6,h6_2025-07,2025-07,2026-01,1375.111111111111,3819.9979639319763,7.642312747225762,0.9350369310973144,0.0,72
EVALUATION_ALL,LGBM_TEMPORAL,6,h6_2025-07,2025-07,2026-01,3232.255814099692,10498.803919521692,11.252813234741087,0.5092956367418829,0.4722222222222222,72
EVALUATION_ALL,LGBM_TEMPORAL_SPATIAL,6,h6_2025-07,2025-07,2026-01,3841.3620468259583,11668.637367439778,13.6427207453061,0.39384937578426316,0.5833333333333334,72
EVALUATION_SPATIAL_COMPARABLE,PERSISTENCE,6,h6_2025-07,2025-07,2026-01,1065.7037037037037,1787.0974086904575,6.779893876991531,0.9837216275426757,0.0,54
EVALUATION_SPATIAL_COMPARABLE,LGBM_TEMPORAL,6,h6_2025-07,2025-07,2026-01,2142.5482771398097,5554.444842684284,9.406442556747878,0.8427481194300017,0.48148148148148145,54
EVALUATION_SPATIAL_COMPARABLE,LGBM_TEMPORAL_SPATIAL,6,h6_2025-07,2025-07,2026-01,3062.1522184598393,8774.940953653278,12.828856237190712,0.6075331889366105,0.5925925925925926,54
EVALUATION_ALL,PERSISTENCE,6,h6_2025-08,2025-08,2026-02,641.3538461538461,1091.671280475668,7.7588579346546895,0.9770802697986692,0.0,65
EVALUATION_ALL,LGBM_TEMPORAL,6,h6_2025-08,2025-08,2026-02,755.9649626556277,1175.4693581784773,8.915036201045478,0.9734265246746258,0.49230769230769234,65
EVALUATION_ALL,LGBM_TEMPORAL_SPATIAL,6,h6_2025-08,2025-08,2026-02,860.9609409551597,1312.9510352557916,10.099179629404276,0.9668470032721403,0.46153846153846156,65
EVALUATION_SPATIAL_COMPARABLE,PERSISTENCE,6,h6_2025-08,2025-08,2026-02,568.4888888888889,1024.8964825776309,6.683776906676303,0.9830221833181524,0.0,45
EVALUATION_SPATIAL_COMPARABLE,LGBM_TEMPORAL,6,h6_2025-08,2025-08,2026-02,714.3720169628056,1054.528594874247,8.054904132059194,0.9820262558222096,0.5555555555555556,45
EVALUATION_SPATIAL_COMPARABLE,LGBM_TEMPORAL_SPATIAL,6,h6_2025-08,2025-08,2026-02,835.5972433658704,1254.802976820881,9.76862240617155,0.9745508714577763,0.4222222222222222,45
EVALUATION_ALL,PERSISTENCE,6,h6_2025-09,2025-09,2026-03,810.6111111111111,971.4913983340444,12.11761257496216,0.9926105641242514,0.0,54
EVALUATION_ALL,LGBM_TEMPORAL,6,h6_2025-09,2025-09,2026-03,1422.7760365070226,2431.8468567860177,15.579275732998276,0.9536973540040582,0.42592592592592593,54
EVALUATION_ALL,LGBM_TEMPORAL_SPATIAL,6,h6_2025-09,2025-09,2026-03,1202.0430965576265,1825.1928370681094,15.077003066661664,0.9739174002567057,0.48148148148148145,54
EVALUATION_SPATIAL_COMPARABLE,PERSISTENCE,6,h6_2025-09,2025-09,2026-03,815.8709677419355,983.1605388548151,10.691563303034698,0.9890800063980261,0.0,31
EVALUATION_SPATIAL_COMPARABLE,LGBM_TEMPORAL,6,h6_2025-09,2025-09,2026-03,1469.2928241688498,1974.7986292180979,16.045056229191413,0.9559425719941745,0.3225806451612903,31
EVALUATION_SPATIAL_COMPARABLE,LGBM_TEMPORAL_SPATIAL,6,h6_2025-09,2025-09,2026-03,1140.8287281331573,1437.8923702088678,15.423192725710349,0.9766425050006018,0.5161290322580645,31
EVALUATION_ALL,PERSISTENCE,6,h6_2025-10,2025-10,2026-04,923.5471698113207,1537.1714283058998,9.691204783946967,0.9727846724168601,0.0,53
EVALUATION_ALL,LGBM_TEMPORAL,6,h6_2025-10,2025-10,2026-04,1498.4233455185788,3002.7964358371014,14.391541455889781,0.8961465944426645,0.6415094339622641,53
EVALUATION_ALL,LGBM_TEMPORAL_SPATIAL,6,h6_2025-10,2025-10,2026-04,1522.0933397579981,2891.848179530927,14.805256854897115,0.9036792319263837,0.4339622641509434,53
EVALUATION_SPATIAL_COMPARABLE,PERSISTENCE,6,h6_2025-10,2025-10,2026-04,792.1290322580645,1047.6576022789618,10.265375478002795,0.9880066585609678,0.0,31
EVALUATION_SPATIAL_COMPARABLE,LGBM_TEMPORAL,6,h6_2025-10,2025-10,2026-04,1102.121849062118,2314.0400579020634,11.328181932786302,0.9414882340774349,0.7096774193548387,31
EVALUATION_SPATIAL_COMPARABLE,LGBM_TEMPORAL_SPATIAL,6,h6_2025-10,2025-10,2026-04,1648.4888706791269,3262.5254876610993,16.621007128185504,0.883692080657523,0.4838709677419355,31
EVALUATION_ALL,PERSISTENCE,6,h6_2025-11,2025-11,2026-05,747.2676056338029,1221.4520797389441,8.667608602518879,0.9928626532387681,0.0,71
EVALUATION_ALL,LGBM_TEMPORAL,6,h6_2025-11,2025-11,2026-05,2224.6569919822255,7082.866965800935,12.9963007223826,0.7600050519110739,0.5633802816901409,71
EVALUATION_ALL,LGBM_TEMPORAL_SPATIAL,6,h6_2025-11,2025-11,2026-05,2201.7995581939454,6329.247143230348,12.779002705106729,0.8083591718491271,0.4788732394366197,71
EVALUATION_SPATIAL_COMPARABLE,PERSISTENCE,6,h6_2025-11,2025-11,2026-05,799.1333333333333,1333.1730320304762,8.12827366404315,0.9895685079177868,0.0,45
EVALUATION_SPATIAL_COMPARABLE,LGBM_TEMPORAL,6,h6_2025-11,2025-11,2026-05,1983.7386030539108,5616.491321344307,13.329153260006388,0.8148585856712027,0.5111111111111111,45
EVALUATION_SPATIAL_COMPARABLE,LGBM_TEMPORAL_SPATIAL,6,h6_2025-11,2025-11,2026-05,2006.7591214533788,4642.126434332753,13.266499280275127,0.8735242328093473,0.4222222222222222,45
EVALUATION_ALL,PERSISTENCE,6,h6_2025-12,2025-12,2026-06,796.2191780821918,1238.939559815858,9.827565060375854,0.9741295286265395,0.0,73
EVALUATION_ALL,LGBM_TEMPORAL,6,h6_2025-12,2025-12,2026-06,1211.2729009664863,1962.7944467746718,14.49720884502462,0.9350687531837313,0.5342465753424658,73
EVALUATION_ALL,LGBM_TEMPORAL_SPATIAL,6,h6_2025-12,2025-12,2026-06,1394.6759415885765,2212.438280018946,14.43584010223414,0.917501428357502,0.5205479452054794,73
EVALUATION_SPATIAL_COMPARABLE,PERSISTENCE,6,h6_2025-12,2025-12,2026-06,753.6041666666666,1169.4802709608516,9.06748610587345,0.9713529462656689,0.0,48
EVALUATION_SPATIAL_COMPARABLE,LGBM_TEMPORAL,6,h6_2025-12,2025-12,2026-06,1049.216834792367,1351.795239001335,13.877423285836521,0.961724930465,0.5208333333333334,48
EVALUATION_SPATIAL_COMPARABLE,LGBM_TEMPORAL_SPATIAL,6,h6_2025-12,2025-12,2026-06,1368.5938677326976,1906.9397100158787,15.192033943689061,0.923832782857339,0.5,48
EVALUATION_ALL,PERSISTENCE,6,h6_2026-01,2026-01,2026-07,740.9076923076923,1163.7652882578368,8.713389253803573,0.9945222667893178,0.0,65
EVALUATION_ALL,LGBM_TEMPORAL,6,h6_2026-01,2026-01,2026-07,2709.3540835166073,10115.695582060047,13.624998343733344,0.5861322551937609,0.46153846153846156,65
EVALUATION_ALL,LGBM_TEMPORAL_SPATIAL,6,h6_2026-01,2026-01,2026-07,2401.756495596077,7805.6741175426205,13.856491437859543,0.7535715137095496,0.47692307692307695,65
EVALUATION_SPATIAL_COMPARABLE,PERSISTENCE,6,h6_2026-01,2026-01,2026-07,659.9459459459459,995.7376730412049,9.092303493176757,0.9855617905561389,0.0,37
EVALUATION_SPATIAL_COMPARABLE,LGBM_TEMPORAL,6,h6_2026-01,2026-01,2026-07,836.8547557861212,1093.2760287822755,12.474390962335178,0.982594635931831,0.4594594594594595,37
EVALUATION_SPATIAL_COMPARABLE,LGBM_TEMPORAL_SPATIAL,6,h6_2026-01,2026-01,2026-07,1077.0127981319351,1696.3134527320592,13.667049689887484,0.9580979112122084,0.4594594594594595,37
EVALUATION_ALL,PERSISTENCE,6,h6_2026-02,2026-02,2026-08,675.7368421052631,1139.7690517065596,9.992512989449963,0.9833918591888937,0.0,57
EVALUATION_ALL,LGBM_TEMPORAL,6,h6_2026-02,2026-02,2026-08,987.4128903391771,1782.345768371842,11.227964757119423,0.959386425324125,0.6666666666666666,57
EVALUATION_ALL,LGBM_TEMPORAL_SPATIAL,6,h6_2026-02,2026-02,2026-08,903.0600603583351,1450.1279506665676,11.051522845470634,0.9731156249982238,0.631578947368421,57
EVALUATION_SPATIAL_COMPARABLE,PERSISTENCE,6,h6_2026-02,2026-02,2026-08,794.0588235294117,1375.6546462983918,10.829939896953329,0.9612731973762495,0.0,34
EVALUATION_SPATIAL_COMPARABLE,LGBM_TEMPORAL,6,h6_2026-02,2026-02,2026-08,996.0606241355146,1510.6987026514664,12.787279092861297,0.9532965981052949,0.6470588235294118,34
EVALUATION_SPATIAL_COMPARABLE,LGBM_TEMPORAL_SPATIAL,6,h6_2026-02,2026-02,2026-08,1007.9009309405515,1530.887660451421,12.931346033177169,0.9520399697474932,0.5882352941176471,34
EVALUATION_ALL,PERSISTENCE,12,h12_2024-04,2024-04,2025-04,1532.4237288135594,2430.581659477795,15.970296001851153,0.9546170128628532,0.0,59
EVALUATION_ALL,LGBM_TEMPORAL,12,h12_2024-04,2024-04,2025-04,12277.638949568496,16019.897454099571,80.49841671319956,-0.9714787874524637,0.3220338983050847,59
EVALUATION_ALL,LGBM_TEMPORAL_SPATIAL,12,h12_2024-04,2024-04,2025-04,10182.077332306695,13818.81697667361,71.02393284050774,-0.46694683590263586,0.3220338983050847,59
EVALUATION_SPATIAL_COMPARABLE,PERSISTENCE,12,h12_2024-04,2024-04,2025-04,1506.0277777777778,2281.0220479717714,17.164223325204294,0.9212018289952139,0.0,36
EVALUATION_SPATIAL_COMPARABLE,LGBM_TEMPORAL,12,h12_2024-04,2024-04,2025-04,13677.331910455045,17782.180086571672,85.59851214393426,-3.788805290490341,0.3888888888888889,36
EVALUATION_SPATIAL_COMPARABLE,LGBM_TEMPORAL_SPATIAL,12,h12_2024-04,2024-04,2025-04,9870.930653943338,14197.258402227884,68.07782759630538,-2.0525736059858506,0.3888888888888889,36
EVALUATION_ALL,PERSISTENCE,12,h12_2024-05,2024-05,2025-05,1663.64,2551.4674444327134,17.219646547603013,0.9216246581713892,0.0,50
EVALUATION_ALL,LGBM_TEMPORAL,12,h12_2024-05,2024-05,2025-05,11635.616752997763,15887.887242882649,73.71753003748732,-2.0390068800613506,0.16,50
EVALUATION_ALL,LGBM_TEMPORAL_SPATIAL,12,h12_2024-05,2024-05,2025-05,14396.701403972253,19946.118389952266,83.62159240443411,-3.789786662201493,0.12,50
EVALUATION_SPATIAL_COMPARABLE,PERSISTENCE,12,h12_2024-05,2024-05,2025-05,1741.0344827586207,2805.9347818507827,17.129930393807747,0.8706286698795621,0.0,29
EVALUATION_SPATIAL_COMPARABLE,LGBM_TEMPORAL,12,h12_2024-05,2024-05,2025-05,12076.03075653536,16343.737573432283,74.74437948721459,-3.3892029149680285,0.2413793103448276,29
EVALUATION_SPATIAL_COMPARABLE,LGBM_TEMPORAL_SPATIAL,12,h12_2024-05,2024-05,2025-05,16066.380536949691,22107.75542470771,87.51325764514523,-7.031047619875361,0.1724137931034483,29
EVALUATION_ALL,PERSISTENCE,12,h12_2024-06,2024-06,2025-06,2417.9620253164558,4445.989746140313,16.79761658860139,0.9158380984114992,0.0,79
EVALUATION_ALL,LGBM_TEMPORAL,12,h12_2024-06,2024-06,2025-06,11920.378053239285,14853.73989998687,74.49186622595204,0.06060064919899766,0.17721518987341772,79
EVALUATION_ALL,LGBM_TEMPORAL_SPATIAL,12,h12_2024-06,2024-06,2025-06,12860.577290248702,16362.191017759633,75.37908120348139,-0.13988632350740016,0.17721518987341772,79
EVALUATION_SPATIAL_COMPARABLE,PERSISTENCE,12,h12_2024-06,2024-06,2025-06,2037.8545454545454,3455.1780746110217,15.402213162450638,0.9008356347056117,0.0,55
EVALUATION_SPATIAL_COMPARABLE,LGBM_TEMPORAL,12,h12_2024-06,2024-06,2025-06,12430.068976017861,15145.991972157573,76.83642116369577,-0.9055055181340632,0.18181818181818182,55
EVALUATION_SPATIAL_COMPARABLE,LGBM_TEMPORAL_SPATIAL,12,h12_2024-06,2024-06,2025-06,13561.695015900637,16943.32808785716,75.8838338776887,-1.384581702835352,0.18181818181818182,55
EVALUATION_ALL,PERSISTENCE,12,h12_2024-07,2024-07,2025-07,748.4285714285714,1213.1847992547785,9.435695499385034,0.976421338792,0.0,56
EVALUATION_ALL,LGBM_TEMPORAL,12,h12_2024-07,2024-07,2025-07,6507.903657193826,9812.808152994434,53.3059549886566,-0.5425947124563559,0.39285714285714285,56
EVALUATION_ALL,LGBM_TEMPORAL_SPATIAL,12,h12_2024-07,2024-07,2025-07,9010.292538377878,12306.625737425102,67.39333176403028,-1.4262927950829138,0.4642857142857143,56
EVALUATION_SPATIAL_COMPARABLE,PERSISTENCE,12,h12_2024-07,2024-07,2025-07,691.0,1152.2860939993343,8.273147011849206,0.9762628398146959,0.0,33
EVALUATION_SPATIAL_COMPARABLE,LGBM_TEMPORAL,12,h12_2024-07,2024-07,2025-07,5963.629600310401,8616.030936745108,50.54021062234828,-0.32715796653161733,0.5757575757575758,33
EVALUATION_SPATIAL_COMPARABLE,LGBM_TEMPORAL_SPATIAL,12,h12_2024-07,2024-07,2025-07,8966.783968325915,12065.180352541598,69.57239017606025,-1.602410217688644,0.5757575757575758,33
EVALUATION_ALL,PERSISTENCE,12,h12_2024-08,2024-08,2025-08,1182.078431372549,1818.5316960151574,13.33998126935357,0.9317377270697413,0.0,51
EVALUATION_ALL,LGBM_TEMPORAL,12,h12_2024-08,2024-08,2025-08,7047.4098771493655,10628.831800637303,53.75003467688237,-1.3319007596332626,0.27450980392156865,51
EVALUATION_ALL,LGBM_TEMPORAL_SPATIAL,12,h12_2024-08,2024-08,2025-08,10535.381001882968,16468.250439944208,67.5828931127752,-4.59801323258692,0.21568627450980393,51
EVALUATION_SPATIAL_COMPARABLE,PERSISTENCE,12,h12_2024-08,2024-08,2025-08,949.625,1769.848428067594,7.94384967795886,0.9247523292821777,0.0,24
EVALUATION_SPATIAL_COMPARABLE,LGBM_TEMPORAL,12,h12_2024-08,2024-08,2025-08,6516.639587953352,9652.278997465697,55.11008731685361,-1.2381059679185054,0.375,24
EVALUATION_SPATIAL_COMPARABLE,LGBM_TEMPORAL_SPATIAL,12,h12_2024-08,2024-08,2025-08,8666.02279005703,13572.160397951227,62.29233206588657,-3.4250571004626877,0.375,24
EVALUATION_ALL,PERSISTENCE,12,h12_2024-09,2024-09,2025-09,4806.5,10649.239149419946,12.818513186838823,0.9450686669831572,0.0,104
EVALUATION_ALL,LGBM_TEMPORAL,12,h12_2024-09,2024-09,2025-09,16639.71594086067,31267.759854106393,57.67773623571952,0.5264383625349423,0.19230769230769232,104
EVALUATION_ALL,LGBM_TEMPORAL_SPATIAL,12,h12_2024-09,2024-09,2025-09,17885.433527599595,32258.697218588004,62.047454211289946,0.49594650953793795,0.22115384615384615,104
EVALUATION_SPATIAL_COMPARABLE,PERSISTENCE,12,h12_2024-09,2024-09,2025-09,2773.246376811594,5339.893338781704,11.34309636112837,0.9471067815016355,0.0,69
EVALUATION_SPATIAL_COMPARABLE,LGBM_TEMPORAL,12,h12_2024-09,2024-09,2025-09,11722.714579949847,15445.43706119904,55.8027315395418,0.5574776258843617,0.17391304347826086,69
EVALUATION_SPATIAL_COMPARABLE,LGBM_TEMPORAL_SPATIAL,12,h12_2024-09,2024-09,2025-09,13096.811622137151,16496.43949260082,61.61696998808179,0.4952047421973429,0.21739130434782608,69
EVALUATION_ALL,PERSISTENCE,12,h12_2024-11,2024-11,2025-11,1221.3090909090909,1856.3864017836568,14.650280827211033,0.9024821627267394,0.0,55
EVALUATION_ALL,LGBM_TEMPORAL,12,h12_2024-11,2024-11,2025-11,13109.109694081477,15032.815682425591,99.51831038470408,-5.394814767925311,0.07272727272727272,55
EVALUATION_ALL,LGBM_TEMPORAL_SPATIAL,12,h12_2024-11,2024-11,2025-11,11142.225502231608,13201.131058227,87.30178613722957,-3.931392716128083,0.07272727272727272,55
EVALUATION_SPATIAL_COMPARABLE,PERSISTENCE,12,h12_2024-11,2024-11,2025-11,,,,,,0
EVALUATION_SPATIAL_COMPARABLE,LGBM_TEMPORAL,12,h12_2024-11,2024-11,2025-11,,,,,,0
EVALUATION_SPATIAL_COMPARABLE,LGBM_TEMPORAL_SPATIAL,12,h12_2024-11,2024-11,2025-11,,,,,,0
EVALUATION_ALL,PERSISTENCE,12,h12_2024-12,2024-12,2025-12,1636.445945945946,2923.3694300112543,11.027724769382294,0.946601529039934,0.0,74
EVALUATION_ALL,LGBM_TEMPORAL,12,h12_2024-12,2024-12,2025-12,7784.59422817319,13246.675531003884,41.10105783268042,-0.09641562583009411,0.21621621621621623,74
EVALUATION_ALL,LGBM_TEMPORAL_SPATIAL,12,h12_2024-12,2024-12,2025-12,10379.855695366468,14752.195934304389,63.04014081490266,-0.3597991421439246,0.16216216216216217,74
EVALUATION_SPATIAL_COMPARABLE,PERSISTENCE,12,h12_2024-12,2024-12,2025-12,,,,,,0
EVALUATION_SPATIAL_COMPARABLE,LGBM_TEMPORAL,12,h12_2024-12,2024-12,2025-12,,,,,,0
EVALUATION_SPATIAL_COMPARABLE,LGBM_TEMPORAL_SPATIAL,12,h12_2024-12,2024-12,2025-12,,,,,,0
EVALUATION_ALL,PERSISTENCE,12,h12_2025-01,2025-01,2026-01,1258.2830188679245,2432.3374153038044,10.29225802475883,0.8844720244592846,0.0,53
EVALUATION_ALL,LGBM_TEMPORAL,12,h12_2025-01,2025-01,2026-01,10184.992327548718,14908.812828893228,55.13595892391159,-3.340358948569069,0.22641509433962265,53
EVALUATION_ALL,LGBM_TEMPORAL_SPATIAL,12,h12_2025-01,2025-01,2026-01,9919.09844641048,14565.671439228294,58.99568522862385,-3.142862703574605,0.22641509433962265,53
EVALUATION_SPATIAL_COMPARABLE,PERSISTENCE,12,h12_2025-01,2025-01,2026-01,,,,,,0
EVALUATION_SPATIAL_COMPARABLE,LGBM_TEMPORAL,12,h12_2025-01,2025-01,2026-01,,,,,,0
EVALUATION_SPATIAL_COMPARABLE,LGBM_TEMPORAL_SPATIAL,12,h12_2025-01,2025-01,2026-01,,,,,,0
EVALUATION_ALL,PERSISTENCE,12,h12_2025-02,2025-02,2026-02,1032.64,2044.1836121053313,8.256366719041102,0.9305022853392776,0.0,50
EVALUATION_ALL,LGBM_TEMPORAL,12,h12_2025-02,2025-02,2026-02,4253.705913741291,7763.043690059664,30.742506251867514,-0.002293190396947864,0.32,50
EVALUATION_ALL,LGBM_TEMPORAL_SPATIAL,12,h12_2025-02,2025-02,2026-02,4897.5389567907805,8261.913148496833,35.159544911725646,-0.13525119970316535,0.34,50
EVALUATION_SPATIAL_COMPARABLE,PERSISTENCE,12,h12_2025-02,2025-02,2026-02,1010.0333333333333,1762.8627759036342,7.3137524295852225,0.9562695496150617,0.0,30
EVALUATION_SPATIAL_COMPARABLE,LGBM_TEMPORAL,12,h12_2025-02,2025-02,2026-02,4614.63107019615,8256.594817040592,28.058295054410237,0.04071228981659891,0.3,30
EVALUATION_SPATIAL_COMPARABLE,LGBM_TEMPORAL_SPATIAL,12,h12_2025-02,2025-02,2026-02,5334.52283461171,8394.888013364196,34.284812147649916,0.008308137590609888,0.36666666666666664,30
EVALUATION_ALL,PERSISTENCE,12,h12_2025-03,2025-03,2026-03,866.8135593220339,1366.2257921933099,8.7837618428362,0.9782238471833231,0.0,59
EVALUATION_ALL,LGBM_TEMPORAL,12,h12_2025-03,2025-03,2026-03,1392.8438725046494,2061.6726441895776,14.371567449390335,0.9504121118800204,0.6101694915254238,59
EVALUATION_ALL,LGBM_TEMPORAL_SPATIAL,12,h12_2025-03,2025-03,2026-03,2097.892328493635,4490.70084008931,18.069874159568737,0.7647311419326145,0.5932203389830508,59
EVALUATION_SPATIAL_COMPARABLE,PERSISTENCE,12,h12_2025-03,2025-03,2026-03,722.2432432432432,941.9048698163651,8.470637491391487,0.9799595140910463,0.0,37
EVALUATION_SPATIAL_COMPARABLE,LGBM_TEMPORAL,12,h12_2025-03,2025-03,2026-03,1202.3304826429214,1850.1893083102277,13.494023415842078,0.9226738305610369,0.5675675675675675,37
EVALUATION_SPATIAL_COMPARABLE,LGBM_TEMPORAL_SPATIAL,12,h12_2025-03,2025-03,2026-03,1144.7167615339895,1614.0045273394758,14.32328078714001,0.9411558003899193,0.5945945945945946,37
EVALUATION_ALL,PERSISTENCE,12,h12_2025-04,2025-04,2026-04,777.2456140350877,2025.9447655309993,7.295240679709927,0.9492630995397738,0.0,57
EVALUATION_ALL,LGBM_TEMPORAL,12,h12_2025-04,2025-04,2026-04,1157.5121382082123,1885.4681798368329,13.473052393427096,0.9560552350630716,0.543859649122807,57
EVALUATION_ALL,LGBM_TEMPORAL_SPATIAL,12,h12_2025-04,2025-04,2026-04,1323.5410468615762,2415.0804887911495,15.78057855746781,0.9279005503724906,0.45614035087719296,57
EVALUATION_SPATIAL_COMPARABLE,PERSISTENCE,12,h12_2025-04,2025-04,2026-04,510.5,691.1827246275252,6.671556837491634,0.9813378175544633,0.0,34
EVALUATION_SPATIAL_COMPARABLE,LGBM_TEMPORAL,12,h12_2025-04,2025-04,2026-04,1118.0365950048572,1703.0652773361944,13.451635085834704,0.8866975580488672,0.5294117647058824,34
EVALUATION_SPATIAL_COMPARABLE,LGBM_TEMPORAL_SPATIAL,12,h12_2025-04,2025-04,2026-04,1032.770995930703,1488.02183206082,14.10025686000129,0.9135041466991801,0.4411764705882353,34
EVALUATION_ALL,PERSISTENCE,12,h12_2025-05,2025-05,2026-05,1692.8472222222222,3495.2157837535583,10.143380884265252,0.9579783217285675,0.0,72
EVALUATION_ALL,LGBM_TEMPORAL,12,h12_2025-05,2025-05,2026-05,2342.211723540767,5568.569261883722,14.457843024655867,0.8933372788370962,0.5694444444444444,72
EVALUATION_ALL,LGBM_TEMPORAL_SPATIAL,12,h12_2025-05,2025-05,2026-05,2189.35172933915,4966.391176227831,15.337517118474755,0.9151587116501696,0.6527777777777778,72
EVALUATION_SPATIAL_COMPARABLE,PERSISTENCE,12,h12_2025-05,2025-05,2026-05,1156.595744680851,1708.859106775193,10.343400289011582,0.9684309788903857,0.0,47
EVALUATION_SPATIAL_COMPARABLE,LGBM_TEMPORAL,12,h12_2025-05,2025-05,2026-05,1875.5051330479466,2948.73681471247,15.50014738194344,0.9060015645529381,0.5319148936170213,47
EVALUATION_SPATIAL_COMPARABLE,LGBM_TEMPORAL_SPATIAL,12,h12_2025-05,2025-05,2026-05,1788.9829286863446,2869.4524595201965,17.09973135022154,0.9109883874517913,0.6382978723404256,47
EVALUATION_ALL,PERSISTENCE,12,h12_2025-06,2025-06,2026-06,1035.4603174603174,1572.2644472427314,11.57757163472789,0.972976623261662,0.0,63
EVALUATION_ALL,LGBM_TEMPORAL,12,h12_2025-06,2025-06,2026-06,1391.5407124522053,2498.0890080508093,14.423800948411976,0.9317811734734258,0.6984126984126984,63
EVALUATION_ALL,LGBM_TEMPORAL_SPATIAL,12,h12_2025-06,2025-06,2026-06,1618.0431143670526,3471.0774800165286,16.4839407913115,0.8682905174352221,0.6666666666666666,63
EVALUATION_SPATIAL_COMPARABLE,PERSISTENCE,12,h12_2025-06,2025-06,2026-06,1016.5897435897435,1386.4203769198077,13.380740592541477,0.9791822616665607,0.0,39
EVALUATION_SPATIAL_COMPARABLE,LGBM_TEMPORAL,12,h12_2025-06,2025-06,2026-06,1292.4374551770177,2326.5426648280345,14.97199351931299,0.9413773128002227,0.717948717948718,39
EVALUATION_SPATIAL_COMPARABLE,LGBM_TEMPORAL_SPATIAL,12,h12_2025-06,2025-06,2026-06,1283.0178168525595,2096.9187167935356,17.780792701814327,0.9523780831774733,0.6923076923076923,39
EVALUATION_ALL,PERSISTENCE,12,h12_2025-07,2025-07,2026-07,1434.2222222222222,2433.9395877191914,11.291539950330515,0.9753008072491425,0.0,72
EVALUATION_ALL,LGBM_TEMPORAL,12,h12_2025-07,2025-07,2026-07,1216.8791576713181,1895.154501780497,11.695351456068865,0.9850254971355641,0.6527777777777778,72
EVALUATION_ALL,LGBM_TEMPORAL_SPATIAL,12,h12_2025-07,2025-07,2026-07,1167.3587598112092,1871.3553785782829,12.74934148459035,0.9853992316773275,0.7083333333333334,72
EVALUATION_SPATIAL_COMPARABLE,PERSISTENCE,12,h12_2025-07,2025-07,2026-07,1453.6666666666667,2216.558443473425,11.444616425193498,0.9739879035243525,0.0,54
EVALUATION_SPATIAL_COMPARABLE,LGBM_TEMPORAL,12,h12_2025-07,2025-07,2026-07,1377.2335361319258,2096.4791704128475,12.10193180247993,0.9767299087515141,0.6666666666666666,54
EVALUATION_SPATIAL_COMPARABLE,LGBM_TEMPORAL_SPATIAL,12,h12_2025-07,2025-07,2026-07,1309.4311966847595,1943.4922488037905,14.585206657202331,0.9800021821453881,0.7037037037037037,54
EVALUATION_ALL,PERSISTENCE,12,h12_2025-08,2025-08,2026-08,733.3384615384615,1149.8937141519446,8.358813531194835,0.9720270978307881,0.0,65
EVALUATION_ALL,LGBM_TEMPORAL,12,h12_2025-08,2025-08,2026-08,751.9813557951459,1132.78907555285,9.844159839442023,0.9728531007716416,0.6461538461538462,65
EVALUATION_ALL,LGBM_TEMPORAL_SPATIAL,12,h12_2025-08,2025-08,2026-08,928.2865356314323,1497.8652793012097,11.873586214947938,0.9525356394444348,0.6461538461538462,65
EVALUATION_SPATIAL_COMPARABLE,PERSISTENCE,12,h12_2025-08,2025-08,2026-08,766.9555555555555,1229.2112647276438,8.275228925598727,0.9724798435261202,0.0,45
EVALUATION_SPATIAL_COMPARABLE,LGBM_TEMPORAL,12,h12_2025-08,2025-08,2026-08,874.5772183411457,1290.253300729666,10.93118052951038,0.9696787016822698,0.5777777777777777,45
EVALUATION_SPATIAL_COMPARABLE,LGBM_TEMPORAL_SPATIAL,12,h12_2025-08,2025-08,2026-08,1094.1051232002737,1738.8160878203291,13.386251930873053,0.9449312605779842,0.5555555555555556,45
