evaluation_scope,zone_id,n_predictions,mae_persistence,mae_temporal,mae_temporal_spatial,spatial_improvement_pct,mean_neighbor_coverage,colonia
EVALUATION_ALL,col_058b0a95e3e35746bf806f626cc29e3c,7,4850.428571428572,13468.064910768244,13095.92950282487,2.7630948499946446,,Del Valle Centro
EVALUATION_ALL,col_075ade1e8b735efcac21da8802b37c0a,59,161.38983050847457,966.8585040360664,964.314038649222,0.263168330859456,0.8813559322033897,Obrero Popular
EVALUATION_ALL,col_0d7a0b5c2d6b5f31bd586ed063d99183,51,256.2352941176471,1783.2971970458468,1343.9046993538434,24.639330921390275,0.6666666666666666,San Alvaro
EVALUATION_ALL,col_0f6878a834535080af77fae943ae9b95,2,9382.0,19608.24609817245,19644.42806378752,-0.18452423247809743,1.0,Tabacalera
EVALUATION_ALL,col_145462232cb0506eac0d954b79bb4e67,55,356.09090909090907,1744.9631450405664,1582.5086038118836,9.30991245805974,0.8727272727272727,Tlatilco
EVALUATION_ALL,col_175c1726756a5dda90d2345c13795848,44,614.2272727272727,2425.293179339511,2301.2850135060958,5.113120627634256,0.7954545454545454,Angel Zimbron
EVALUATION_ALL,col_19663fbe37bd50ee8eff60a93705eb35,63,555.2698412698413,1927.1266391031413,1911.677856425998,0.8016485457506286,,Nextitla
EVALUATION_ALL,col_1fd836f8991b530f861257d28b0cb970,65,172.1846153846154,880.5492031664053,696.2473044811368,20.930335070718282,,Agricola
EVALUATION_ALL,col_2006d9e5f6975534a01a4ae3d0063ec1,63,2312.4603174603176,4796.175964905291,4962.328738164088,-3.464276008106752,0.8015873015873016,Plutarco Elias Calles
EVALUATION_ALL,col_218c753a6a38548aa02718260c2caef7,63,145.22222222222223,864.8410053382647,851.7707910991238,1.5112852140988349,0.7354497354497354,Del Recreo
EVALUATION_ALL,col_21faee63d17e537f90a501b5c0313a20,56,1095.8214285714287,3291.776989598741,4126.355923380129,-25.353446980717887,0.6309523809523808,General Pedro Maria Anaya
EVALUATION_ALL,col_296d6268c64b5552821a2eebfad2256f,56,1049.9464285714287,2416.0713949284664,2350.399201887471,2.718139587217775,,Lomas de Chapultepec Seccion III
EVALUATION_ALL,col_2d383baad6155258af666ad388181e00,30,1554.6666666666667,7802.058231617503,7433.379192155426,4.725407431182989,,Ampliacion Granada
EVALUATION_ALL,col_321ef9a198015257a1d0afd095d56686,64,236.921875,1355.4232482317375,1115.7914883682374,17.679478360439784,0.8828125,Victoria de las Democracias
EVALUATION_ALL,col_333380f5322950cf9a22ac2947f13767,50,469.26,1449.0808325064822,1231.1577286221834,15.03871274781519,,Lomas de Chapultepec Seccion V
EVALUATION_ALL,col_347bf8c118ae5cde8343a717c911525d,56,527.9107142857143,2162.9531428094933,2392.098399298699,-10.594092491137616,0.7559523809523808,Independencia
EVALUATION_ALL,col_34ef10debc6452f7a37e4eb02f41010f,60,604.6833333333333,1740.5406836437053,2110.602809009289,-21.261331541580724,0.525,Villa Coyoacan
EVALUATION_ALL,col_39b7c034d6a15d22952ae31d1eab536a,44,960.6818181818181,4869.171950269094,5249.696560111196,-7.814975805507802,0.5272727272727273,Tlaxpana
EVALUATION_ALL,col_3c107741e9aa5999ac5f00ed40d5deea,63,594.968253968254,1701.9216817843785,1994.1124711660461,-17.168286444022524,0.6243386243386243,San Diego Churubusco
EVALUATION_ALL,col_3d725e14185a5c38a7d3e1cda93adc73,48,2118.5416666666665,7263.446326195469,7546.684055544264,-3.8994950417311443,,Anahuac I Seccion
EVALUATION_ALL,col_43db8a95c872541680d0688e731fe141,2,16018.0,135613.47431869022,135732.6068597616,-0.08784712704242835,1.0,Polanco
EVALUATION_ALL,col_46ef3d6067b85bc580fd6f574f0e5a26,40,1113.65,2818.302285250764,2885.649640168439,-2.389642703344109,0.8892857142857139,Claveria
EVALUATION_ALL,col_47716220585b527aaf095e5cd827326f,54,280.6296296296296,1000.4928593467482,878.5961717821244,12.183663923819884,0.7777777777777778,San Angel
EVALUATION_ALL,col_479170cdfd5b53c484ffa7a376547b3a,15,2562.733333333333,9341.371377037443,11757.735496072051,-25.86733811883778,0.5,Alamos
EVALUATION_ALL,col_49351caf73a652ba8bcc7655ce37dd18,21,2478.6190476190477,7512.826134067403,7791.841574547325,-3.7138546200970692,0.7857142857142857,Anahuac
EVALUATION_ALL,col_49f6b5a0ab625bda9ca00f7acd601c17,46,919.5434782608696,2812.079254110165,3163.6830845385266,-12.50334000773462,,Americas Unidas
EVALUATION_ALL,col_4a6ce89e87ac5037b13cd12239825b31,63,265.6190476190476,1045.0922153856288,1623.4456558740724,-55.339943401553015,0.15873015873015872,Residencial Emperadores
EVALUATION_ALL,col_4b057d99c17f5783822af98b43744780,45,1237.7333333333333,2960.253956309059,3000.7200505112414,-1.3669804955733196,0.6777777777777778,Santa Catarina
EVALUATION_ALL,col_4d16bf4016d1531fac1806d04420e1fc,52,1056.6153846153845,3289.3571372255587,4362.711412516496,-32.63112609889083,0.5913461538461539,Acacias
EVALUATION_ALL,col_506a1cf0beec53eb97a74f9abc9cfe66,42,1671.857142857143,4443.136089241219,5353.687393623353,-20.49343720501782,0.5555555555555556,San Jose Insurgentes
EVALUATION_ALL,col_5176ae04e5c95d57b5192bbca17b2436,2,11924.5,14982.549009622759,14359.005275590403,4.161800062405103,0.5,Condesa
EVALUATION_ALL,col_543d04998daf5e4ab3306049617a67b4,51,917.6470588235294,2437.88216923928,2259.449845358513,7.319152916092135,1.0,Florida
EVALUATION_ALL,col_5481a24d7414578eb3d8dcf5c715fb23,60,415.53333333333336,1771.6947345815736,1828.408397877671,-3.20109679106156,0.6055555555555555,Niños Heroes de Chapultepec
EVALUATION_ALL,col_588e4e85b75a566e85b1e464fdd27b30,37,1474.5945945945946,3074.0994767535285,3398.6368081632945,-10.557151252388907,,Portales Norte
EVALUATION_ALL,col_62bb8f5cf8d25a898a34208ad6dee465,19,3828.315789473684,9133.979276773527,11151.270731479406,-22.085570741720183,0.22807017543859648,San Miguel Chapultepec
EVALUATION_ALL,col_64a29c6aaaf85a42bb0e87a40667ac42,50,591.26,1972.508111094631,2251.211050698265,-14.129368494660815,0.6000000000000001,Insurgentes San Borja
EVALUATION_ALL,col_6573c9286c5a50288130ecf1765ab3b5,21,3003.0476190476193,7368.516474563507,7480.891224794349,-1.5250661462014206,0.8761904761904763,Del Carmen
EVALUATION_ALL,col_6954f4d5482a5e07b5721c81d464cd43,51,886.3333333333334,2227.151391296009,3002.880986389471,-34.830573176350384,0.27450980392156865,Algarin
EVALUATION_ALL,col_6bf10fd8943e5967b7603760fb6cd344,13,4430.153846153846,9300.57906232137,9751.47388591385,-4.848029575052494,0.75,Napoles
EVALUATION_ALL,col_6e124db5b88b5695a72b6c82db5754cd,29,2897.793103448276,11031.107245128871,11041.689980805286,-0.09593538927008392,,Santa Cruz Atoyac
EVALUATION_ALL,col_6e932760ad7e5318b2922fea188ea3f8,58,584.4310344827586,1892.2110014301043,1897.924231528169,-0.3019340915863383,0.7931034482758621,Cuauhtemoc Pensil
EVALUATION_ALL,col_6f85f8cb1357503bae86559c4ab47194,51,1498.1176470588234,3860.67694118123,5074.781801527996,-31.447978653590557,0.29411764705882354,Veronica Anzures
EVALUATION_ALL,col_76cd2cc2efb657e1a3779dc11ff63e1d,2,29266.0,93704.21775573143,99009.69815729349,-5.66194407106883,1.0,Cuauhtemoc
EVALUATION_ALL,col_76d47b3676925748aa9d3dee653c6562,61,270.344262295082,1698.194797376777,1521.9816167776642,10.376499849800005,0.8852459016393442,Modelo Pensil
EVALUATION_ALL,col_77126fcee0bf5162978113f718dc8420,23,3383.608695652174,6023.193578508727,7415.9187786421335,-23.122703628566242,0.13043478260869565,Hipodromo Condesa
EVALUATION_ALL,col_7d88ca5b0c8d519c962986381a6c0a11,27,1893.111111111111,7505.11026375982,7958.639404517532,-6.042937742669604,0.6049382716049382,San Pedro de los Pinos
EVALUATION_ALL,col_7f4389bc274355ffaf821a5f6d5a33f1,60,438.4166666666667,1746.2738603414207,1791.1229005293544,-2.5682707166655474,,Mariano Escobedo
EVALUATION_ALL,col_81496637921a5e749f117e8ef4f2ee99,61,212.49180327868854,1077.455544557523,1876.4154935430045,-74.15247459825261,0.5245901639344263,Credito Constructor
EVALUATION_ALL,col_81ad18034e5855e38b63dfffe608d3d3,43,819.4418604651163,3621.7577041410373,3846.5892814676736,-6.2078028320218355,0.558139534883721,Letran Valle
EVALUATION_ALL,col_84c2fef5059c546e9a59e6816fb7e72b,47,605.1276595744681,2517.6560968991703,3361.4526148609243,-33.515161939750314,0.5787234042553192,Extremadura Insurgentes
EVALUATION_ALL,col_8694171d7ed551d78020504424e7148c,51,567.3725490196078,2138.504908627738,1998.817362174688,6.5320189768788754,0.7450980392156863,Xoco
EVALUATION_ALL,col_8dd63c1e84435db49a927bcd4b149776,58,654.8448275862069,1885.358161226582,2323.1659372945032,-23.221464497922817,0.5057471264367817,Atlampa
EVALUATION_ALL,col_8e89f7e8963258c3b4c0ec85deb35ae9,30,1524.7,7309.034857530027,8268.629608698588,-13.128884591102372,0.7066666666666669,Tlacoquemecatl del Valle
EVALUATION_ALL,col_926ff32000a751399a54daad7479254d,29,3012.793103448276,7653.5324495530995,7846.084730602664,-2.5158615622098575,0.47413793103448276,Anzures
EVALUATION_ALL,col_92cd6e3f23155eedb10936246b2da76c,40,1426.375,4917.546679175744,4430.708012265982,9.900031431757842,0.7050000000000001,Popotla
EVALUATION_ALL,col_96af67dbdc945131a7e1fb18aab974fa,51,572.6078431372549,2258.6780409808703,2673.901587625084,-18.38347648980976,,Parque San Andres
EVALUATION_ALL,col_99820d9ec1005837855fcf0d7f8dcaf0,9,6239.0,11208.836912147566,9380.343060756722,16.31296686464601,,Narvarte Poniente
EVALUATION_ALL,col_9b8d9872383b59f7a23d22ab97fc79d8,2,25599.0,229146.54654531903,233245.66043426614,-1.7888612989139785,0.75,Roma Norte
EVALUATION_ALL,col_9bbea60acc995fa7b9c482efc14ebb94,36,1292.3333333333333,3479.794082956771,4107.119471243369,-18.027658342172977,0.7000000000000001,Ciudad de los Deportes
EVALUATION_ALL,col_9f7b23fc019150a58f8d3fa8ecb0545b,33,1660.3333333333333,5997.15156262297,6084.0032360580435,-1.448215415737918,0.6767676767676765,Actipan
EVALUATION_ALL,col_a069943804255517b1a44551a37b7d8e,19,4584.421052631579,13176.931772188202,14168.765700232985,-7.527047610113538,0.5263157894736841,Insurgentes Mixcoac
EVALUATION_ALL,col_a11503ab8f7b52ecba6e146f1cd2bcae,50,383.28,2386.5289812274914,2353.190966780094,1.3969247685502677,0.69,Noche Buena
EVALUATION_ALL,col_a20da3b32dc95373bfc155a68e4197fa,6,11588.333333333334,26008.750989807595,22263.71996424739,14.399119077374465,0.16666666666666666,Roma Sur
EVALUATION_ALL,col_a21a9068f97957a2a0828f64e9102bde,54,837.925925925926,2348.512641725829,2414.26933666387,-2.799929358256261,0.8271604938271605,Nueva Santa Maria
EVALUATION_ALL,col_a4784e1d94d556b3b35e2f91d799fbf4,22,3596.5,12456.939095302427,11430.17717199232,8.242489711596196,,Bosque de Chapultepec
EVALUATION_ALL,col_a8d3b136a1115b0380f6f041ad7b12a8,69,237.47826086956522,1139.6906596171314,1063.1366757268206,6.717084433773316,0.7826086956521738,Sector Naval
EVALUATION_ALL,col_aaef3bfb4fb259e8ab32bf1eb9404368,49,466.7142857142857,2221.625030739081,1743.8223310476258,21.5069011683084,0.9183673469387755,San Mateo
EVALUATION_ALL,col_abad05146e545e0cb59abdc228f8373c,60,1222.9,3927.7760087027336,4269.289641617001,-8.694834740004996,0.5444444444444444,San Simon Ticumac
EVALUATION_ALL,col_aeb67b70520e58b895caf170c4cc2b7b,52,662.9423076923077,1785.2733594415108,1894.8626188833791,-6.1385142427796735,0.6474358974358974,Postal
EVALUATION_ALL,col_af634a3d6a0956f8930194b36da1dbde,19,13076.21052631579,15976.291696222937,16856.201586349016,-5.507597800897089,0.10526315789473684,Buenavista
EVALUATION_ALL,col_b0071da2a8ad5c38b1d137c8dd21a966,61,172.11475409836066,1332.7363739302014,1038.3927152309382,22.08566258541081,,Unidad Habitacional Cuitláhuac
EVALUATION_ALL,col_b0d667d100335a2cbd38dd885b4a49ae,41,2585.2926829268295,8600.078282731076,9767.13549893667,-13.570309220894424,0.49390243902439024,Granada
EVALUATION_ALL,col_b311567e717b53408adc7485d395fbd0,14,6502.5,13332.946309499695,10428.82442962122,21.781546347406312,,Del Valle Sur
EVALUATION_ALL,col_b9647cb13b4b5ebebd069fd56e70a36f,2,21542.0,137170.23458543472,136899.6775319,0.1972418100416738,1.0,Juarez
EVALUATION_ALL,col_ba378e9f675c57f6b84cd80ba4906921,67,486.2238805970149,1542.2440100147628,1355.9722997890956,12.077966198350426,0.7164179104477612,San Salvador Xochimanca
EVALUATION_ALL,col_bbdf83c90b8d5945967637dfe673bde4,53,622.0,1607.2304721236258,1726.9999490701543,-7.45191676140123,,Lomas de Chapultepec Seccion IV/Lomas Virreyes
EVALUATION_ALL,col_bd478b6a570f533f803bd0118bf3f055,2,7175.0,34434.86749787805,34122.99260241187,0.905695064705555,1.0,Santa Maria la Ribera
EVALUATION_ALL,col_bed54b5fa7b155169b5367f26e64ee77,52,413.0769230769231,1432.176971792705,1233.4167354167892,13.878189657463968,,Barrio la Concepcion
EVALUATION_ALL,col_c00d00bb38f656119c21216810bac6c9,69,169.02898550724638,776.2288444813307,569.5268144215022,26.629006578330007,,Barrio San Lucas
EVALUATION_ALL,col_c4ce45851ad35a61b8fb1e683c4b52a5,51,1008.5490196078431,3806.5323395414757,3716.4440098763284,2.366677112639455,0.7058823529411765,Vertiz Narvarte
EVALUATION_ALL,col_c84c8cba11e05de082c7496795578d88,63,873.047619047619,2045.9382315951027,1774.982395582003,13.243598063165903,0.8730158730158729,Santo Tomas
EVALUATION_ALL,col_cbe1b970a3525757af7647d6463839ff,6,8229.666666666666,11518.844466936265,9136.885998623511,20.67879703688974,,Del Valle Norte
EVALUATION_ALL,col_cbef3a463b0b5bc2ac31e747b6721178,46,1509.5869565217392,2873.140513919771,3059.8037700296877,-6.4968370048583415,0.9130434782608695,Guadalupe Inn
EVALUATION_ALL,col_cda58c28c9e35bd7b4c277287cc632da,61,445.8524590163934,1913.6435966376732,1845.214700658883,3.5758432813206067,,Polanco Seccion I/ Los Morales
EVALUATION_ALL,col_d230756d48c258b4b050767d29182a80,54,677.7592592592592,1939.2136598025302,1967.6050063347125,-1.4640649001551165,,Irrigacion
EVALUATION_ALL,col_d24f94824377561c8616923a56c96081,69,129.14492753623188,1021.0846009793032,782.474562075309,23.368292761946247,0.8623188405797102,Ignacio Allende
EVALUATION_ALL,col_d40150e91a0457b18f3ac9b3be178bdc,40,458.125,1951.0235899233953,2175.754881242801,-11.518635268178858,0.125,Molino del Rey
EVALUATION_ALL,col_d4e474286fa85c0aa9cd393c8e2880c1,69,388.27536231884056,1635.871892824725,1113.824434806214,31.91249023278167,0.7391304347826086,Axotla
EVALUATION_ALL,col_de2ee5e1ae0955e6845ef669ea127a75,54,496.25925925925924,1813.3583298331218,1522.1882765770924,16.05695071215323,0.6018518518518519,Tacuba
EVALUATION_ALL,col_debb68f1d0525506bae6ef15b9e39d2f,65,367.6923076923077,948.3130675099483,781.3751736559955,17.603669038569013,,Hogar y Seguridad
EVALUATION_ALL,col_df8f37e24dff550bb52ef711568f9cb7,16,2524.8125,6734.750412565268,6786.509913529142,-0.7685437142155237,0.9375,Obrera
EVALUATION_ALL,col_e38591c35bd05184a3caa0318add5f06,46,1905.1739130434783,6269.994664265415,6164.942488124061,1.6754747295093846,0.9057971014492753,Agricultura
EVALUATION_ALL,col_e426afce41e3549e9144c6ee8c8047dc,10,2590.3,12800.707296331562,10978.870158390486,14.232316197583708,0.9,Portales
EVALUATION_ALL,col_e56a7334b36e5ca6841813031c3b8d2b,2,28019.0,104256.44576096305,109161.35819658329,-4.704661088165345,,Centro
EVALUATION_ALL,col_e72f76ae560a556e957e54c180d9d323,65,295.0,1171.0069718341026,1097.5664629584764,6.271568884051916,,Centro Urbano Presidente Aleman
EVALUATION_ALL,col_eadac3374f095a63b927c12303b7218a,59,673.7118644067797,1662.189406087611,1480.8944849691152,10.906995343281595,0.864406779661017,Josefa Ortiz de Dominguez
EVALUATION_ALL,col_eb93b25ca61954fa8e9ee2ca2ca57f16,11,5186.727272727273,12173.313118091011,10471.53334710932,13.979594170239828,0.18181818181818182,Doctores
EVALUATION_ALL,col_ee0096c66b1754fb83cf4c4170f93dd6,42,898.6904761904761,3074.10688203228,3921.837374367841,-27.57648074276227,0.19047619047619047,Piedad Narvarte
EVALUATION_ALL,col_f1b446f58ae65b7f8a814bab39bf17dc,12,4340.75,15420.521786599094,15918.777239598741,-3.231119283088372,0.25,Escandon
EVALUATION_ALL,col_f685e6afce2f59ffb8b623a8882cd0ef,48,521.7291666666666,2215.0614554473846,3404.3661831948325,-53.69172601611811,0.4270833333333333,Nonoalco
EVALUATION_ALL,col_f884dc870afb59218eed6bb359ce0e0f,49,757.9387755102041,2503.588979643235,2504.3806033126066,-0.03161955400061753,,Guadalupe Chimalistac
EVALUATION_ALL,col_f8e6271a3b155d19906933df376c56d8,40,1027.6,3448.161243610813,3765.311571849257,-9.19766524335542,,Ampliacion Napoles
EVALUATION_ALL,col_fb144842ece557ce8e184ba17ea11743,66,502.3787878787879,1778.0112056802075,2276.8216784991214,-28.054405462989518,0.6151515151515152,Un Hogar para Nosotros
EVALUATION_ALL,col_ffeedd6a32945225b84ecc416148dd76,5,3946.2,26958.502246197342,20727.27877865732,23.114130787510547,0.55,San Rafael
EVALUATION_ALL,col_fff7ee1276da58efb088edf2d4f0141e,8,4019.875,9906.073150130826,8314.780077186477,16.06381306525415,0.8,Narvarte
EVALUATION_SPATIAL_COMPARABLE,col_075ade1e8b735efcac21da8802b37c0a,49,160.91836734693877,407.1105664142653,586.9937259527893,-44.18533302215485,0.9047619047619048,Obrero Popular
EVALUATION_SPATIAL_COMPARABLE,col_0d7a0b5c2d6b5f31bd586ed063d99183,44,250.63636363636363,921.177038349821,716.2333350159284,22.24802560222569,0.6818181818181818,San Alvaro
EVALUATION_SPATIAL_COMPARABLE,col_0f6878a834535080af77fae943ae9b95,2,9382.0,19608.24609817245,19644.42806378752,-0.18452423247809743,1.0,Tabacalera
EVALUATION_SPATIAL_COMPARABLE,col_145462232cb0506eac0d954b79bb4e67,48,363.8541666666667,1194.9782016493136,1039.3827540242373,13.020777066085628,0.8541666666666666,Tlatilco
EVALUATION_SPATIAL_COMPARABLE,col_175c1726756a5dda90d2345c13795848,34,530.1470588235294,1468.8755000126966,1535.8123492584432,-4.557013119571261,0.8382352941176471,Angel Zimbron
EVALUATION_SPATIAL_COMPARABLE,col_2006d9e5f6975534a01a4ae3d0063ec1,53,2296.0377358490564,4548.082807259323,4628.243118958871,-1.7625077443972954,0.839622641509434,Plutarco Elias Calles
EVALUATION_SPATIAL_COMPARABLE,col_218c753a6a38548aa02718260c2caef7,52,132.75,285.4956444546648,456.7866106134567,-59.99775109913875,0.7243589743589743,Del Recreo
EVALUATION_SPATIAL_COMPARABLE,col_21faee63d17e537f90a501b5c0313a20,44,1148.1818181818182,2418.68099619291,2980.6536874416165,-23.23467593011529,0.6818181818181818,General Pedro Maria Anaya
EVALUATION_SPATIAL_COMPARABLE,col_321ef9a198015257a1d0afd095d56686,54,209.77777777777777,724.8783641776703,706.5040716230989,2.5348104540843774,0.8611111111111112,Victoria de las Democracias
EVALUATION_SPATIAL_COMPARABLE,col_347bf8c118ae5cde8343a717c911525d,50,509.8,1594.1751932227467,1687.6513977428085,-5.863609276913448,0.7866666666666666,Independencia
EVALUATION_SPATIAL_COMPARABLE,col_34ef10debc6452f7a37e4eb02f41010f,39,648.6153846153846,1074.158461444727,1576.1230306155155,-46.73096076491859,0.7307692307692307,Villa Coyoacan
EVALUATION_SPATIAL_COMPARABLE,col_39b7c034d6a15d22952ae31d1eab536a,32,870.1875,2846.7481393955986,3451.8202390199613,-21.25485185186868,0.575,Tlaxpana
EVALUATION_SPATIAL_COMPARABLE,col_3c107741e9aa5999ac5f00ed40d5deea,53,613.6981132075472,1111.8099931800866,1402.0420751256845,-26.104467825069026,0.6163522012578616,San Diego Churubusco
EVALUATION_SPATIAL_COMPARABLE,col_46ef3d6067b85bc580fd6f574f0e5a26,34,1064.735294117647,2169.491747473814,2490.9525554291245,-14.817332600118153,0.8949579831932769,Claveria
EVALUATION_SPATIAL_COMPARABLE,col_47716220585b527aaf095e5cd827326f,35,277.22857142857146,968.8826021132635,731.3115008848383,24.520112210731266,1.0,San Angel
EVALUATION_SPATIAL_COMPARABLE,col_479170cdfd5b53c484ffa7a376547b3a,13,2501.5384615384614,7733.572084875185,8576.754947460791,-10.902890065958626,0.5769230769230769,Alamos
EVALUATION_SPATIAL_COMPARABLE,col_49351caf73a652ba8bcc7655ce37dd18,18,2500.777777777778,5243.267864345591,5893.31354604573,-12.397720248482297,0.8333333333333334,Anahuac
EVALUATION_SPATIAL_COMPARABLE,col_4a6ce89e87ac5037b13cd12239825b31,7,311.7142857142857,1302.2886928074981,3404.6660064164957,-161.43711645661713,1.0,Residencial Emperadores
EVALUATION_SPATIAL_COMPARABLE,col_4b057d99c17f5783822af98b43744780,37,1181.4054054054054,2104.597364114745,2403.3504509892177,-14.195260906835605,0.7432432432432432,Santa Catarina
EVALUATION_SPATIAL_COMPARABLE,col_4d16bf4016d1531fac1806d04420e1fc,43,961.8372093023256,2389.865649278499,3226.2991181006464,-34.99918370200714,0.6337209302325582,Acacias
EVALUATION_SPATIAL_COMPARABLE,col_506a1cf0beec53eb97a74f9abc9cfe66,37,1562.7567567567567,3125.069040185365,3735.1131773737097,-19.52098111573752,0.6036036036036038,San Jose Insurgentes
EVALUATION_SPATIAL_COMPARABLE,col_543d04998daf5e4ab3306049617a67b4,41,935.8048780487804,1697.1176661314753,1768.9687791819788,-4.2337142841890145,1.0,Florida
EVALUATION_SPATIAL_COMPARABLE,col_5481a24d7414578eb3d8dcf5c715fb23,54,412.6666666666667,1217.037168358813,1419.0605320489628,-16.599605085404285,0.6172839506172839,Niños Heroes de Chapultepec
EVALUATION_SPATIAL_COMPARABLE,col_62bb8f5cf8d25a898a34208ad6dee465,6,3939.1666666666665,5949.852579955549,7741.901171374438,-30.119209969270816,0.3333333333333333,San Miguel Chapultepec
EVALUATION_SPATIAL_COMPARABLE,col_64a29c6aaaf85a42bb0e87a40667ac42,43,598.6046511627907,1766.4345776877092,2004.449810478198,-13.474330484520666,0.586046511627907,Insurgentes San Borja
EVALUATION_SPATIAL_COMPARABLE,col_6573c9286c5a50288130ecf1765ab3b5,21,3003.0476190476193,7368.516474563507,7480.891224794349,-1.5250661462014206,0.8761904761904763,Del Carmen
EVALUATION_SPATIAL_COMPARABLE,col_6954f4d5482a5e07b5721c81d464cd43,20,838.45,1638.7099953928068,3092.4163417890004,-88.71040943688959,0.7,Algarin
EVALUATION_SPATIAL_COMPARABLE,col_6bf10fd8943e5967b7603760fb6cd344,13,4430.153846153846,9300.57906232137,9751.47388591385,-4.848029575052494,0.75,Napoles
EVALUATION_SPATIAL_COMPARABLE,col_6e932760ad7e5318b2922fea188ea3f8,51,570.6862745098039,1378.7863707887748,1607.6608310333631,-16.599704282952413,0.8725490196078431,Cuauhtemoc Pensil
EVALUATION_SPATIAL_COMPARABLE,col_6f85f8cb1357503bae86559c4ab47194,31,1372.9032258064517,3303.197997276555,4262.026656866995,-29.02728387402094,0.43548387096774194,Veronica Anzures
EVALUATION_SPATIAL_COMPARABLE,col_76d47b3676925748aa9d3dee653c6562,51,279.6862745098039,1081.0349076193886,884.6716106066802,18.16438078259024,1.0,Modelo Pensil
EVALUATION_SPATIAL_COMPARABLE,col_77126fcee0bf5162978113f718dc8420,3,3149.3333333333335,1878.209793579698,5690.176467042565,-202.95744844337128,0.5,Hipodromo Condesa
EVALUATION_SPATIAL_COMPARABLE,col_7d88ca5b0c8d519c962986381a6c0a11,21,1660.6190476190477,5878.272743748835,6600.160558168859,-12.2806110891623,0.6825396825396824,San Pedro de los Pinos
EVALUATION_SPATIAL_COMPARABLE,col_81496637921a5e749f117e8ef4f2ee99,49,228.83673469387756,565.164579492119,1188.6074374119357,-110.31173582747687,0.5510204081632653,Credito Constructor
EVALUATION_SPATIAL_COMPARABLE,col_81ad18034e5855e38b63dfffe608d3d3,29,823.7241379310345,2111.379947485184,2620.7549889064203,-24.12521924478544,0.6344827586206897,Letran Valle
EVALUATION_SPATIAL_COMPARABLE,col_84c2fef5059c546e9a59e6816fb7e72b,38,585.7894736842105,1930.8358442354622,2813.5474605237528,-45.71655425414017,0.5842105263157895,Extremadura Insurgentes
EVALUATION_SPATIAL_COMPARABLE,col_8694171d7ed551d78020504424e7148c,39,529.8205128205128,1498.9744646570427,1407.9788661733262,6.070523589908908,0.8589743589743589,Xoco
EVALUATION_SPATIAL_COMPARABLE,col_8dd63c1e84435db49a927bcd4b149776,42,567.5238095238095,1221.6399764626453,1446.0038600782002,-18.365794173273382,0.5952380952380952,Atlampa
EVALUATION_SPATIAL_COMPARABLE,col_8e89f7e8963258c3b4c0ec85deb35ae9,19,1507.842105263158,6091.1891717979815,8505.643525181751,-39.63847264114894,0.6842105263157897,Tlacoquemecatl del Valle
EVALUATION_SPATIAL_COMPARABLE,col_926ff32000a751399a54daad7479254d,21,2683.6666666666665,6175.114642993973,5939.131412664108,3.821519825508036,0.6071428571428571,Anzures
EVALUATION_SPATIAL_COMPARABLE,col_92cd6e3f23155eedb10936246b2da76c,40,1426.375,4917.546679175744,4430.708012265982,9.900031431757842,0.7050000000000001,Popotla
EVALUATION_SPATIAL_COMPARABLE,col_9bbea60acc995fa7b9c482efc14ebb94,30,1234.6666666666667,2214.741111336372,2760.0375256814073,-24.62122600036102,0.7200000000000002,Ciudad de los Deportes
EVALUATION_SPATIAL_COMPARABLE,col_9f7b23fc019150a58f8d3fa8ecb0545b,19,1755.3157894736842,4259.795535518458,4495.039116175359,-5.522414836473358,0.7017543859649119,Actipan
EVALUATION_SPATIAL_COMPARABLE,col_a069943804255517b1a44551a37b7d8e,16,4515.625,11494.188790954253,13178.140140393298,-14.65045841916472,0.5312499999999998,Insurgentes Mixcoac
EVALUATION_SPATIAL_COMPARABLE,col_a11503ab8f7b52ecba6e146f1cd2bcae,40,426.35,1654.573950337321,1703.343589173742,-2.9475647689532476,0.69375,Noche Buena
EVALUATION_SPATIAL_COMPARABLE,col_a20da3b32dc95373bfc155a68e4197fa,2,8169.5,34903.92267616541,31646.933099833164,9.331299540599561,0.5,Roma Sur
EVALUATION_SPATIAL_COMPARABLE,col_a21a9068f97957a2a0828f64e9102bde,44,861.1590909090909,1434.9549329329095,1296.1960164656196,9.66991459332316,0.8409090909090909,Nueva Santa Maria
EVALUATION_SPATIAL_COMPARABLE,col_a8d3b136a1115b0380f6f041ad7b12a8,58,244.3793103448276,566.9160369810523,587.0665576019562,-3.554410054830986,0.7816091954022988,Sector Naval
EVALUATION_SPATIAL_COMPARABLE,col_aaef3bfb4fb259e8ab32bf1eb9404368,33,445.90909090909093,1556.7789669456422,1243.334407885175,20.134172269518565,1.0,San Mateo
EVALUATION_SPATIAL_COMPARABLE,col_abad05146e545e0cb59abdc228f8373c,46,1338.0434782608695,3560.8308153125945,3802.816925984099,-6.79577669432916,0.6159420289855074,San Simon Ticumac
EVALUATION_SPATIAL_COMPARABLE,col_aeb67b70520e58b895caf170c4cc2b7b,46,646.6739130434783,1165.8811685554608,1325.0502223367102,-13.652253597891248,0.6666666666666666,Postal
EVALUATION_SPATIAL_COMPARABLE,col_af634a3d6a0956f8930194b36da1dbde,2,20262.5,6544.386298517376,8607.690707826907,-31.52785173725105,1.0,Buenavista
EVALUATION_SPATIAL_COMPARABLE,col_b0d667d100335a2cbd38dd885b4a49ae,36,2426.972222222222,6011.185218080018,6812.575002749324,-13.331643521130287,0.5208333333333334,Granada
EVALUATION_SPATIAL_COMPARABLE,col_ba378e9f675c57f6b84cd80ba4906921,47,462.3829787234043,931.2443403286836,873.1270041471261,6.240825706499863,0.8829787234042553,San Salvador Xochimanca
EVALUATION_SPATIAL_COMPARABLE,col_bd478b6a570f533f803bd0118bf3f055,2,7175.0,34434.86749787805,34122.99260241187,0.905695064705555,1.0,Santa Maria la Ribera
EVALUATION_SPATIAL_COMPARABLE,col_c4ce45851ad35a61b8fb1e683c4b52a5,36,932.1666666666666,3180.591221241349,2914.778501061285,8.357336787099607,0.875,Vertiz Narvarte
EVALUATION_SPATIAL_COMPARABLE,col_c84c8cba11e05de082c7496795578d88,57,857.9298245614035,1592.237622758971,1371.545255910238,13.860517029256306,0.8596491228070176,Santo Tomas
EVALUATION_SPATIAL_COMPARABLE,col_cbef3a463b0b5bc2ac31e747b6721178,35,1820.4,2221.5034354260224,2309.5787557432864,-3.9646718034614956,1.0,Guadalupe Inn
EVALUATION_SPATIAL_COMPARABLE,col_d24f94824377561c8616923a56c96081,59,131.5084745762712,517.1699906756655,471.41199209773197,8.847767543153894,0.864406779661017,Ignacio Allende
EVALUATION_SPATIAL_COMPARABLE,col_d40150e91a0457b18f3ac9b3be178bdc,3,88.33333333333333,442.7120522457196,5665.282600887382,-1179.6766142122026,1.0,Molino del Rey
EVALUATION_SPATIAL_COMPARABLE,col_d4e474286fa85c0aa9cd393c8e2880c1,41,398.219512195122,1235.0696252234068,617.8742968493261,49.97251294739263,1.0,Axotla
EVALUATION_SPATIAL_COMPARABLE,col_de2ee5e1ae0955e6845ef669ea127a75,41,507.0975609756098,1174.5975140410947,1159.8447367509837,1.2559857409671698,0.7195121951219512,Tacuba
EVALUATION_SPATIAL_COMPARABLE,col_df8f37e24dff550bb52ef711568f9cb7,12,2264.3333333333335,6126.017713531463,5434.591126613719,11.28672196605775,1.0,Obrera
EVALUATION_SPATIAL_COMPARABLE,col_e38591c35bd05184a3caa0318add5f06,36,1689.3055555555557,5560.720396689047,5473.649064793411,1.5658282683567522,0.9212962962962961,Agricultura
EVALUATION_SPATIAL_COMPARABLE,col_e426afce41e3549e9144c6ee8c8047dc,7,2634.714285714286,9444.379254472817,8774.09660562689,7.097159387457719,1.0,Portales
EVALUATION_SPATIAL_COMPARABLE,col_eadac3374f095a63b927c12303b7218a,56,692.3928571428571,1441.5109135215623,1331.0482885129165,7.662975283259516,0.8571428571428571,Josefa Ortiz de Dominguez
EVALUATION_SPATIAL_COMPARABLE,col_eb93b25ca61954fa8e9ee2ca2ca57f16,2,4937.0,12161.27689565692,12534.328749968445,-3.0675385283329137,1.0,Doctores
EVALUATION_SPATIAL_COMPARABLE,col_ee0096c66b1754fb83cf4c4170f93dd6,8,1002.5,3254.508220415065,4253.698866623641,-30.70173981865512,1.0,Piedad Narvarte
EVALUATION_SPATIAL_COMPARABLE,col_f1b446f58ae65b7f8a814bab39bf17dc,6,4620.333333333333,18029.206772279005,18559.15530272725,-2.9393890543374988,0.25,Escandon
EVALUATION_SPATIAL_COMPARABLE,col_f685e6afce2f59ffb8b623a8882cd0ef,30,429.4,1083.5757365025775,1828.7342779662538,-68.76847795326246,0.5833333333333334,Nonoalco
EVALUATION_SPATIAL_COMPARABLE,col_fb144842ece557ce8e184ba17ea11743,56,490.0,1108.9353573614933,1461.3557994836733,-31.780070838457103,0.6357142857142858,Un Hogar para Nosotros
EVALUATION_SPATIAL_COMPARABLE,col_ffeedd6a32945225b84ecc416148dd76,2,7757.0,6594.702039335156,6701.54715119068,-1.6201658728207768,1.0,San Rafael
EVALUATION_SPATIAL_COMPARABLE,col_fff7ee1276da58efb088edf2d4f0141e,8,4019.875,9906.073150130826,8314.780077186477,16.06381306525415,0.8,Narvarte
