zone_id,colonia,alcaldia,origin_period,horizon_months,target_period,anchor_12m_value,anchor_12m_target_period,n_growth_points,growth_low_annual_pct,growth_base_annual_pct,growth_high_annual_pct,scenario_low,scenario_base,scenario_high,scenario_status,scenario_role,validation_status,is_validated_forecast,scenario_method,extra_years_after_12m_anchor,notes
col_1fd836f8991b530f861257d28b0cb970,Agricola,Alvaro Obregon,2026-08,36,2029-08,1522.0,2027-08,21,-8.58870948158813,-7.961165048543695,4.528763769889843,1271.7868580115558,1289.3085945894993,1662.9771456907904,READY,SCENARIO_ONLY,SCENARIO_ONLY,False,12m_anchor_plus_compounded_robust_yoy_log_growth,2.0,Escenario condicional basado en crecimiento interanual histórico robusto; no es un forecast validado.
col_d4e474286fa85c0aa9cd393c8e2880c1,Axotla,Alvaro Obregon,2026-08,36,2029-08,3517.0,2027-08,21,-8.58870948158813,-8.58870948158813,-3.032809484422383,2938.813652842734,2938.813652842734,3306.9070940315373,READY,SCENARIO_ONLY,SCENARIO_ONLY,False,12m_anchor_plus_compounded_robust_yoy_log_growth,2.0,Escenario condicional basado en crecimiento interanual histórico robusto; no es un forecast validado.
col_543d04998daf5e4ab3306049617a67b4,Florida,Alvaro Obregon,2026-08,36,2029-08,5894.0,2027-08,21,-8.58870948158813,-8.58870948158813,-5.777616279069764,4925.040565781937,4925.040565781937,5232.609265935557,READY,SCENARIO_ONLY,SCENARIO_ONLY,False,12m_anchor_plus_compounded_robust_yoy_log_growth,2.0,Escenario condicional basado en crecimiento interanual histórico robusto; no es un forecast validado.
col_f884dc870afb59218eed6bb359ce0e0f,Guadalupe Chimalistac,Alvaro Obregon,2026-08,36,2029-08,9792.0,2027-08,21,-8.58870948158813,-5.107084019769359,0.6864334064257793,8182.218734329273,8817.368460763904,9926.892508366796,READY,SCENARIO_ONLY,SCENARIO_ONLY,False,12m_anchor_plus_compounded_robust_yoy_log_growth,2.0,Escenario condicional basado en crecimiento interanual histórico robusto; no es un forecast validado.
col_cbef3a463b0b5bc2ac31e747b6721178,Guadalupe Inn,Alvaro Obregon,2026-08,36,2029-08,13273.0,2027-08,20,-8.58870948158813,0.6277398154231006,5.018910661582954,11090.950700648738,13440.162843624475,14638.754000094896,READY,SCENARIO_ONLY,SCENARIO_ONLY,False,12m_anchor_plus_compounded_robust_yoy_log_growth,2.0,Escenario condicional basado en crecimiento interanual histórico robusto; no es un forecast validado.
col_47716220585b527aaf095e5cd827326f,San Angel,Alvaro Obregon,2026-08,36,2029-08,3198.0,2027-08,19,-8.58870948158813,-8.58870948158813,1.6778108146464632,2672.25648615043,2672.25648615043,3306.2130324164796,READY,SCENARIO_ONLY,SCENARIO_ONLY,False,12m_anchor_plus_compounded_robust_yoy_log_growth,2.0,Escenario condicional basado en crecimiento interanual histórico robusto; no es un forecast validado.
col_175c1726756a5dda90d2345c13795848,Angel Zimbron,Azcapotzalco,2026-08,36,2029-08,6587.0,2027-08,21,-8.58870948158813,-6.692004886656711,2.4606429421881293,5504.113031354874,5734.893791829626,6915.15337404577,READY,SCENARIO_ONLY,SCENARIO_ONLY,False,12m_anchor_plus_compounded_robust_yoy_log_growth,2.0,Escenario condicional basado en crecimiento interanual histórico robusto; no es un forecast validado.
col_46ef3d6067b85bc580fd6f574f0e5a26,Claveria,Azcapotzalco,2026-08,36,2029-08,12046.0,2027-08,21,-8.084491537085459,4.998651442956037,5.018910661582954,10177.01575439692,13280.37386310951,13285.499185198758,READY,SCENARIO_ONLY,SCENARIO_ONLY,False,12m_anchor_plus_compounded_robust_yoy_log_growth,2.0,Escenario condicional basado en crecimiento interanual histórico robusto; no es un forecast validado.
col_218c753a6a38548aa02718260c2caef7,Del Recreo,Azcapotzalco,2026-08,36,2029-08,1544.0,2027-08,18,-3.9962949856051533,2.5831560545157117,5.018910661582954,1423.0602365302018,1624.798123102631,1702.8732145066315,READY,SCENARIO_ONLY,SCENARIO_ONLY,False,12m_anchor_plus_compounded_robust_yoy_log_growth,2.0,Escenario condicional basado en crecimiento interanual histórico robusto; no es un forecast validado.
col_debb68f1d0525506bae6ef15b9e39d2f,Hogar y Seguridad,Azcapotzalco,2026-08,36,2029-08,3256.0,2027-08,21,5.018910661582954,5.018910661582954,5.018910661582954,3591.0331518352277,3591.0331518352277,3591.0331518352277,READY,SCENARIO_ONLY,SCENARIO_ONLY,False,12m_anchor_plus_compounded_robust_yoy_log_growth,2.0,Escenario condicional basado en crecimiento interanual histórico robusto; no es un forecast validado.
col_d24f94824377561c8616923a56c96081,Ignacio Allende,Azcapotzalco,2026-08,36,2029-08,1274.0,2027-08,19,-3.2960310622551225,2.8797696184305277,5.018910661582954,1191.4011792989904,1348.4330673848467,1405.090981399902,READY,SCENARIO_ONLY,SCENARIO_ONLY,False,12m_anchor_plus_compounded_robust_yoy_log_growth,2.0,Escenario condicional basado en crecimiento interanual histórico robusto; no es un forecast validado.
col_a21a9068f97957a2a0828f64e9102bde,Nueva Santa Maria,Azcapotzalco,2026-08,36,2029-08,10878.0,2027-08,21,2.652005174644234,5.018910661582954,5.018910661582954,11462.620886182927,11997.31530272224,11997.31530272224,READY,SCENARIO_ONLY,SCENARIO_ONLY,False,12m_anchor_plus_compounded_robust_yoy_log_growth,2.0,Escenario condicional basado en crecimiento interanual histórico robusto; no es un forecast validado.
col_075ade1e8b735efcac21da8802b37c0a,Obrero Popular,Azcapotzalco,2026-08,36,2029-08,1463.0,2027-08,21,-8.193752829334544,-1.9922254616132173,5.018910661582954,1233.073020961821,1405.2881421762097,1613.5385445746126,READY,SCENARIO_ONLY,SCENARIO_ONLY,False,12m_anchor_plus_compounded_robust_yoy_log_growth,2.0,Escenario condicional basado en crecimiento interanual histórico robusto; no es un forecast validado.
col_0d7a0b5c2d6b5f31bd586ed063d99183,San Alvaro,Azcapotzalco,2026-08,36,2029-08,3065.0,2027-08,18,-8.58870948158813,-7.010459488118115,-3.1998047783966532,2561.1213664950187,2650.3222485732476,2871.9901441492693,READY,SCENARIO_ONLY,SCENARIO_ONLY,False,12m_anchor_plus_compounded_robust_yoy_log_growth,2.0,Escenario condicional basado en crecimiento interanual histórico robusto; no es un forecast validado.
col_ba378e9f675c57f6b84cd80ba4906921,San Salvador Xochimanca,Azcapotzalco,2026-08,36,2029-08,3790.0,2027-08,21,-4.019862851737999,1.5449788188387714,5.018910661582954,3491.4187695326905,3908.014052137679,4179.980235090759,READY,SCENARIO_ONLY,SCENARIO_ONLY,False,12m_anchor_plus_compounded_robust_yoy_log_growth,2.0,Escenario condicional basado en crecimiento interanual histórico robusto; no es un forecast validado.
col_a8d3b136a1115b0380f6f041ad7b12a8,Sector Naval,Azcapotzalco,2026-08,36,2029-08,3676.0,2027-08,18,-3.6399530349413234,0.8576164289023414,5.018910661582954,3413.2610801474166,3739.3223318361224,4054.2499588901405,READY,SCENARIO_ONLY,SCENARIO_ONLY,False,12m_anchor_plus_compounded_robust_yoy_log_growth,2.0,Escenario condicional basado en crecimiento interanual histórico robusto; no es un forecast validado.
col_145462232cb0506eac0d954b79bb4e67,Tlatilco,Azcapotzalco,2026-08,36,2029-08,5954.0,2027-08,19,-0.5708673239301909,5.018910661582954,5.018910661582954,5886.215153675605,6566.649688583215,6566.649688583215,READY,SCENARIO_ONLY,SCENARIO_ONLY,False,12m_anchor_plus_compounded_robust_yoy_log_growth,2.0,Escenario condicional basado en crecimiento interanual histórico robusto; no es un forecast validado.
col_b0071da2a8ad5c38b1d137c8dd21a966,Unidad Habitacional Cuitláhuac,Azcapotzalco,2026-08,36,2029-08,2694.0,2027-08,19,-4.577816580934913,2.1557719054241975,5.018910661582954,2452.992898031582,2811.404987029969,2971.2049481093686,READY,SCENARIO_ONLY,SCENARIO_ONLY,False,12m_anchor_plus_compounded_robust_yoy_log_growth,2.0,Escenario condicional basado en crecimiento interanual histórico robusto; no es un forecast validado.
col_321ef9a198015257a1d0afd095d56686,Victoria de las Democracias,Azcapotzalco,2026-08,36,2029-08,3664.0,2027-08,19,-1.4726801605652096,3.232692894175049,5.018910661582954,3556.876641337572,3904.7207264318736,4041.015192974286,READY,SCENARIO_ONLY,SCENARIO_ONLY,False,12m_anchor_plus_compounded_robust_yoy_log_growth,2.0,Escenario condicional basado en crecimiento interanual histórico robusto; no es un forecast validado.
col_4d16bf4016d1531fac1806d04420e1fc,Acacias,Benito Juarez,2026-08,36,2029-08,9949.0,2027-08,30,-8.58870948158813,-5.232585248103372,5.018910661582954,8313.408311666864,8935.06049797433,10972.723841403158,READY,SCENARIO_ONLY,SCENARIO_ONLY,False,12m_anchor_plus_compounded_robust_yoy_log_growth,2.0,Escenario condicional basado en crecimiento interanual histórico robusto; no es un forecast validado.
col_9f7b23fc019150a58f8d3fa8ecb0545b,Actipan,Benito Juarez,2026-08,36,2029-08,18852.0,2027-08,30,-8.58870948158813,-4.054821075334425,5.018910661582954,15752.776509352068,17354.16591697206,20791.817253807654,READY,SCENARIO_ONLY,SCENARIO_ONLY,False,12m_anchor_plus_compounded_robust_yoy_log_growth,2.0,Escenario condicional basado en crecimiento interanual histórico robusto; no es un forecast validado.
col_479170cdfd5b53c484ffa7a376547b3a,Alamos,Benito Juarez,2026-08,36,2029-08,26156.0,2027-08,22,-8.58870948158813,-1.2995415073651873,5.018910661582954,21856.016463962056,25480.60109321029,28847.378107924516,READY,SCENARIO_ONLY,SCENARIO_ONLY,False,12m_anchor_plus_compounded_robust_yoy_log_growth,2.0,Escenario condicional basado en crecimiento interanual histórico robusto; no es un forecast validado.
col_49f6b5a0ab625bda9ca00f7acd601c17,Americas Unidas,Benito Juarez,2026-08,36,2029-08,11499.0,2027-08,22,-7.783335777923828,-1.2489507628064334,5.018910661582954,9778.649742968191,11213.560007291077,12682.214438867717,READY,SCENARIO_ONLY,SCENARIO_ONLY,False,12m_anchor_plus_compounded_robust_yoy_log_growth,2.0,Escenario condicional basado en crecimiento interanual histórico robusto; no es un forecast validado.
col_f8e6271a3b155d19906933df376c56d8,Ampliacion Napoles,Benito Juarez,2026-08,36,2029-08,12412.0,2027-08,30,-8.58870948158813,-6.743886197550153,5.018910661582954,10371.497031300545,10794.347467617834,13689.159545632325,READY,SCENARIO_ONLY,SCENARIO_ONLY,False,12m_anchor_plus_compounded_robust_yoy_log_growth,2.0,Escenario condicional basado en crecimiento interanual histórico robusto; no es un forecast validado.
col_e72f76ae560a556e957e54c180d9d323,Centro Urbano Presidente Aleman,Benito Juarez,2026-08,36,2029-08,2332.0,2027-08,30,-8.58870948158813,0.33100074421112957,5.018910661582954,1948.6248047851168,2347.4634244500976,2571.95617631442,READY,SCENARIO_ONLY,SCENARIO_ONLY,False,12m_anchor_plus_compounded_robust_yoy_log_growth,2.0,Escenario condicional basado en crecimiento interanual histórico robusto; no es un forecast validado.
col_9bbea60acc995fa7b9c482efc14ebb94,Ciudad de los Deportes,Benito Juarez,2026-08,36,2029-08,10782.0,2027-08,30,-8.58870948158813,-8.58870948158813,5.018910661582954,9009.465113719181,9009.465113719181,11891.437175395402,READY,SCENARIO_ONLY,SCENARIO_ONLY,False,12m_anchor_plus_compounded_robust_yoy_log_growth,2.0,Escenario condicional basado en crecimiento interanual histórico robusto; no es un forecast validado.
col_81496637921a5e749f117e8ef4f2ee99,Credito Constructor,Benito Juarez,2026-08,36,2029-08,2111.0,2027-08,29,-8.58870948158813,-5.8400338552687225,4.944110060189155,1763.9566736283798,1871.633546265972,2324.9005024882276,READY,SCENARIO_ONLY,SCENARIO_ONLY,False,12m_anchor_plus_compounded_robust_yoy_log_growth,2.0,Escenario condicional basado en crecimiento interanual histórico robusto; no es un forecast validado.
col_058b0a95e3e35746bf806f626cc29e3c,Del Valle Centro,Benito Juarez,2026-08,36,2029-08,44578.0,2027-08,30,-8.58870948158813,-4.789107725882902,5.018910661582954,37249.48393984174,40410.465223228755,49164.949583080706,READY,SCENARIO_ONLY,SCENARIO_ONLY,False,12m_anchor_plus_compounded_robust_yoy_log_growth,2.0,Escenario condicional basado en crecimiento interanual histórico robusto; no es un forecast validado.
col_cbe1b970a3525757af7647d6463839ff,Del Valle Norte,Benito Juarez,2026-08,36,2029-08,65862.0,2027-08,30,-8.58870948158813,-5.434480786805473,5.018910661582954,55034.44549432134,58897.99860235098,72639.01272916824,READY,SCENARIO_ONLY,SCENARIO_ONLY,False,12m_anchor_plus_compounded_robust_yoy_log_growth,2.0,Escenario condicional basado en crecimiento interanual histórico robusto; no es un forecast validado.
col_b311567e717b53408adc7485d395fbd0,Del Valle Sur,Benito Juarez,2026-08,36,2029-08,53320.0,2027-08,30,-8.58870948158813,-6.92608055589421,5.018910661582954,44554.32015057566,46189.80689102785,58806.47655278082,READY,SCENARIO_ONLY,SCENARIO_ONLY,False,12m_anchor_plus_compounded_robust_yoy_log_growth,2.0,Escenario condicional basado en crecimiento interanual histórico robusto; no es un forecast validado.
col_84c2fef5059c546e9a59e6816fb7e72b,Extremadura Insurgentes,Benito Juarez,2026-08,36,2029-08,9159.0,2027-08,28,-8.58870948158813,-4.127617415488927,5.018910661582954,7653.282412961787,8418.507436692425,10101.43508527606,READY,SCENARIO_ONLY,SCENARIO_ONLY,False,12m_anchor_plus_compounded_robust_yoy_log_growth,2.0,Escenario condicional basado en crecimiento interanual histórico robusto; no es un forecast validado.
col_21faee63d17e537f90a501b5c0313a20,General Pedro Maria Anaya,Benito Juarez,2026-08,36,2029-08,11776.0,2027-08,30,-8.58870948158813,-2.591853028074753,5.018910661582954,9840.053902722786,11173.477540843334,12987.716952092029,READY,SCENARIO_ONLY,SCENARIO_ONLY,False,12m_anchor_plus_compounded_robust_yoy_log_growth,2.0,Escenario condicional basado en crecimiento interanual histórico robusto; no es un forecast validado.
col_347bf8c118ae5cde8343a717c911525d,Independencia,Benito Juarez,2026-08,36,2029-08,6248.0,2027-08,22,-8.58870948158813,2.8383079642769315,5.018910661582954,5220.843816594087,6607.708347080173,6890.901453521654,READY,SCENARIO_ONLY,SCENARIO_ONLY,False,12m_anchor_plus_compounded_robust_yoy_log_growth,2.0,Escenario condicional basado en crecimiento interanual histórico robusto; no es un forecast validado.
col_a069943804255517b1a44551a37b7d8e,Insurgentes Mixcoac,Benito Juarez,2026-08,36,2029-08,31254.0,2027-08,30,-8.58870948158813,-7.039626826428624,5.018910661582954,26115.91751661837,27008.553466672376,34469.94782784343,READY,SCENARIO_ONLY,SCENARIO_ONLY,False,12m_anchor_plus_compounded_robust_yoy_log_growth,2.0,Escenario condicional basado en crecimiento interanual histórico robusto; no es un forecast validado.
col_64a29c6aaaf85a42bb0e87a40667ac42,Insurgentes San Borja,Benito Juarez,2026-08,36,2029-08,4938.0,2027-08,30,-8.58870948158813,-3.627297274631547,5.018910661582954,4126.20466810845,4586.265188746448,5446.1061743741875,READY,SCENARIO_ONLY,SCENARIO_ONLY,False,12m_anchor_plus_compounded_robust_yoy_log_growth,2.0,Escenario condicional basado en crecimiento interanual histórico robusto; no es un forecast validado.
col_eadac3374f095a63b927c12303b7218a,Josefa Ortiz de Dominguez,Benito Juarez,2026-08,36,2029-08,5297.0,2027-08,21,-5.076668048072941,1.1963924167126772,5.018910661582954,4772.829511208884,5424.504001271923,5842.046254690173,READY,SCENARIO_ONLY,SCENARIO_ONLY,False,12m_anchor_plus_compounded_robust_yoy_log_growth,2.0,Escenario condicional basado en crecimiento interanual histórico robusto; no es un forecast validado.
col_81ad18034e5855e38b63dfffe608d3d3,Letran Valle,Benito Juarez,2026-08,36,2029-08,13288.0,2027-08,30,-4.740066525701425,2.4759016050731386,5.018910661582954,12058.135705041328,13954.141272505874,14655.297457489714,READY,SCENARIO_ONLY,SCENARIO_ONLY,False,12m_anchor_plus_compounded_robust_yoy_log_growth,2.0,Escenario condicional basado en crecimiento interanual histórico robusto; no es un forecast validado.
col_6bf10fd8943e5967b7603760fb6cd344,Napoles,Benito Juarez,2026-08,36,2029-08,45949.0,2027-08,30,-8.58870948158813,-6.850696152632263,5.018910661582954,38395.09483493625,39868.995270029525,50677.0215889671,READY,SCENARIO_ONLY,SCENARIO_ONLY,False,12m_anchor_plus_compounded_robust_yoy_log_growth,2.0,Escenario condicional basado en crecimiento interanual histórico robusto; no es un forecast validado.
col_fff7ee1276da58efb088edf2d4f0141e,Narvarte,Benito Juarez,2026-08,36,2029-08,45097.0,2027-08,22,-8.58870948158813,-5.128941812352339,5.018910661582954,37683.16158721888,40589.63458891007,49737.35320894142,READY,SCENARIO_ONLY,SCENARIO_ONLY,False,12m_anchor_plus_compounded_robust_yoy_log_growth,2.0,Escenario condicional basado en crecimiento interanual histórico robusto; no es un forecast validado.
col_99820d9ec1005837855fcf0d7f8dcaf0,Narvarte Poniente,Benito Juarez,2026-08,36,2029-08,51437.0,2027-08,30,-8.58870948158813,-7.871494400704604,5.018910661582954,42980.88082492798,43657.98468366398,56729.7212011513,READY,SCENARIO_ONLY,SCENARIO_ONLY,False,12m_anchor_plus_compounded_robust_yoy_log_growth,2.0,Escenario condicional basado en crecimiento interanual histórico robusto; no es un forecast validado.
col_5481a24d7414578eb3d8dcf5c715fb23,Niños Heroes de Chapultepec,Benito Juarez,2026-08,36,2029-08,6310.0,2027-08,22,-4.688583719071482,0.8266475669117312,5.018910661582954,5732.171892363638,6414.754114396385,6959.281077420236,READY,SCENARIO_ONLY,SCENARIO_ONLY,False,12m_anchor_plus_compounded_robust_yoy_log_growth,2.0,Escenario condicional basado en crecimiento interanual histórico robusto; no es un forecast validado.
col_a11503ab8f7b52ecba6e146f1cd2bcae,Noche Buena,Benito Juarez,2026-08,36,2029-08,4811.0,2027-08,30,-8.58870948158813,-3.757523716193012,5.018910661582954,4020.0831628735837,4456.243711460155,5306.03823509806,READY,SCENARIO_ONLY,SCENARIO_ONLY,False,12m_anchor_plus_compounded_robust_yoy_log_growth,2.0,Escenario condicional basado en crecimiento interanual histórico robusto; no es un forecast validado.
col_f685e6afce2f59ffb8b623a8882cd0ef,Nonoalco,Benito Juarez,2026-08,36,2029-08,7725.0,2027-08,30,-7.253795037903654,3.6040021828390056,5.018910661582954,6644.93571818799,8291.852209763068,8519.88055833143,READY,SCENARIO_ONLY,SCENARIO_ONLY,False,12m_anchor_plus_compounded_robust_yoy_log_growth,2.0,Escenario condicional basado en crecimiento interanual histórico robusto; no es un forecast validado.
col_ee0096c66b1754fb83cf4c4170f93dd6,Piedad Narvarte,Benito Juarez,2026-08,36,2029-08,9180.0,2027-08,21,-8.58870948158813,-8.58870948158813,5.018910661582954,7670.830063433693,7670.830063433693,10124.595925628806,READY,SCENARIO_ONLY,SCENARIO_ONLY,False,12m_anchor_plus_compounded_robust_yoy_log_growth,2.0,Escenario condicional basado en crecimiento interanual histórico robusto; no es un forecast validado.
col_e426afce41e3549e9144c6ee8c8047dc,Portales,Benito Juarez,2026-08,36,2029-08,48897.0,2027-08,22,-4.0370929432572815,1.3671371682293154,5.018910661582954,45028.658241660065,50243.1172847187,53928.362415628726,READY,SCENARIO_ONLY,SCENARIO_ONLY,False,12m_anchor_plus_compounded_robust_yoy_log_growth,2.0,Escenario condicional basado en crecimiento interanual histórico robusto; no es un forecast validado.
col_588e4e85b75a566e85b1e464fdd27b30,Portales Norte,Benito Juarez,2026-08,36,2029-08,8389.0,2027-08,30,-7.851303255532704,5.018910661582954,5.018910661582954,7123.4206212883155,9252.204272342055,9252.204272342055,READY,SCENARIO_ONLY,SCENARIO_ONLY,False,12m_anchor_plus_compounded_robust_yoy_log_growth,2.0,Escenario condicional basado en crecimiento interanual histórico robusto; no es un forecast validado.
col_aeb67b70520e58b895caf170c4cc2b7b,Postal,Benito Juarez,2026-08,36,2029-08,6873.0,2027-08,22,-8.58870948158813,-4.622086380225809,5.018910661582954,5743.09531873418,6252.331265160719,7580.21217830575,READY,SCENARIO_ONLY,SCENARIO_ONLY,False,12m_anchor_plus_compounded_robust_yoy_log_growth,2.0,Escenario condicional basado en crecimiento interanual histórico robusto; no es un forecast validado.
col_4a6ce89e87ac5037b13cd12239825b31,Residencial Emperadores,Benito Juarez,2026-08,36,2029-08,1792.0,2027-08,30,-8.58870948158813,-1.1215307922778694,5.018910661582954,1497.399506936076,1752.0297397769516,1976.3917101009608,READY,SCENARIO_ONLY,SCENARIO_ONLY,False,12m_anchor_plus_compounded_robust_yoy_log_growth,2.0,Escenario condicional basado en crecimiento interanual histórico robusto; no es un forecast validado.
col_506a1cf0beec53eb97a74f9abc9cfe66,San Jose Insurgentes,Benito Juarez,2026-08,36,2029-08,19406.0,2027-08,30,-8.58870948158813,-3.3367704450485536,5.018910661582954,16215.700240849048,18132.53936707568,21402.822280256274,READY,SCENARIO_ONLY,SCENARIO_ONLY,False,12m_anchor_plus_compounded_robust_yoy_log_growth,2.0,Escenario condicional basado en crecimiento interanual histórico robusto; no es un forecast validado.
col_7d88ca5b0c8d519c962986381a6c0a11,San Pedro de los Pinos,Benito Juarez,2026-08,36,2029-08,30935.0,2027-08,30,-8.58870948158813,-4.222967961950797,5.018910661582954,25849.360349926068,28377.417525525147,34118.12363391363,READY,SCENARIO_ONLY,SCENARIO_ONLY,False,12m_anchor_plus_compounded_robust_yoy_log_growth,2.0,Escenario condicional basado en crecimiento interanual histórico robusto; no es un forecast validado.
col_abad05146e545e0cb59abdc228f8373c,San Simon Ticumac,Benito Juarez,2026-08,36,2029-08,13689.0,2027-08,22,-8.15187775056243,0.24248969583697821,5.018910661582954,11548.146572907428,13755.469321960914,15097.559218511191,READY,SCENARIO_ONLY,SCENARIO_ONLY,False,12m_anchor_plus_compounded_robust_yoy_log_growth,2.0,Escenario condicional basado en crecimiento interanual histórico robusto; no es un forecast validado.
col_6e124db5b88b5695a72b6c82db5754cd,Santa Cruz Atoyac,Benito Juarez,2026-08,36,2029-08,23537.0,2027-08,30,-8.58870948158813,-8.58870948158813,5.018910661582954,19667.57376939421,19667.57376939421,25958.89044678924,READY,SCENARIO_ONLY,SCENARIO_ONLY,False,12m_anchor_plus_compounded_robust_yoy_log_growth,2.0,Escenario condicional basado en crecimiento interanual histórico robusto; no es un forecast validado.
col_8e89f7e8963258c3b4c0ec85deb35ae9,Tlacoquemecatl del Valle,Benito Juarez,2026-08,36,2029-08,19818.0,2027-08,30,-8.58870948158813,-2.1633784704000347,5.018910661582954,16559.968431059795,18969.79854252803,21857.215910033952,READY,SCENARIO_ONLY,SCENARIO_ONLY,False,12m_anchor_plus_compounded_robust_yoy_log_growth,2.0,Escenario condicional basado en crecimiento interanual histórico robusto; no es un forecast validado.
col_c4ce45851ad35a61b8fb1e683c4b52a5,Vertiz Narvarte,Benito Juarez,2026-08,36,2029-08,15371.0,2027-08,22,-7.840831550936233,-4.512029124443028,5.018910661582954,13055.070381248535,14015.204913686473,16952.63224105015,READY,SCENARIO_ONLY,SCENARIO_ONLY,False,12m_anchor_plus_compounded_robust_yoy_log_growth,2.0,Escenario condicional basado en crecimiento interanual histórico robusto; no es un forecast validado.
col_8694171d7ed551d78020504424e7148c,Xoco,Benito Juarez,2026-08,36,2029-08,6249.0,2027-08,26,-8.58870948158813,-2.9917274505946834,5.018910661582954,5221.679418997511,5880.687028893014,6892.004350681308,READY,SCENARIO_ONLY,SCENARIO_ONLY,False,12m_anchor_plus_compounded_robust_yoy_log_growth,2.0,Escenario condicional basado en crecimiento interanual histórico robusto; no es un forecast validado.
col_c00d00bb38f656119c21216810bac6c9,Barrio San Lucas,Coyoacan,2026-08,36,2029-08,1636.0,2027-08,24,1.638799068078356,5.018910661582954,5.018910661582954,1690.060879873797,1804.3397531948503,1804.3397531948503,READY,SCENARIO_ONLY,SCENARIO_ONLY,False,12m_anchor_plus_compounded_robust_yoy_log_growth,2.0,Escenario condicional basado en crecimiento interanual histórico robusto; no es un forecast validado.
col_bed54b5fa7b155169b5367f26e64ee77,Barrio la Concepcion,Coyoacan,2026-08,36,2029-08,3039.0,2027-08,24,-8.58870948158813,-1.8899490848474199,5.018910661582954,2539.3957040059904,2925.2143973253874,3351.70446819019,READY,SCENARIO_ONLY,SCENARIO_ONLY,False,12m_anchor_plus_compounded_robust_yoy_log_growth,2.0,Escenario condicional basado en crecimiento interanual histórico robusto; no es un forecast validado.
col_6573c9286c5a50288130ecf1765ab3b5,Del Carmen,Coyoacan,2026-08,36,2029-08,31379.0,2027-08,29,-8.58870948158813,-4.140188715578663,5.018910661582954,26220.36781704639,28834.48762000158,34607.80997280025,READY,SCENARIO_ONLY,SCENARIO_ONLY,False,12m_anchor_plus_compounded_robust_yoy_log_growth,2.0,Escenario condicional basado en crecimiento interanual histórico robusto; no es un forecast validado.
col_96af67dbdc945131a7e1fb18aab974fa,Parque San Andres,Coyoacan,2026-08,36,2029-08,9539.0,2027-08,24,-2.5994915080182257,3.396244512330404,5.018910661582954,9049.514852084321,10197.938265470022,10520.53600594479,READY,SCENARIO_ONLY,SCENARIO_ONLY,False,12m_anchor_plus_compounded_robust_yoy_log_growth,2.0,Escenario condicional basado en crecimiento interanual histórico robusto; no es un forecast validado.
col_3c107741e9aa5999ac5f00ed40d5deea,San Diego Churubusco,Coyoacan,2026-08,36,2029-08,5707.0,2027-08,21,-4.844497607655507,-0.9929728078215683,5.018910661582954,5167.442891002381,5594.224791060075,6294.2340901485395,READY,SCENARIO_ONLY,SCENARIO_ONLY,False,12m_anchor_plus_compounded_robust_yoy_log_growth,2.0,Escenario condicional basado en crecimiento interanual histórico robusto; no es un forecast validado.
col_aaef3bfb4fb259e8ab32bf1eb9404368,San Mateo,Coyoacan,2026-08,36,2029-08,3732.0,2027-08,22,-8.58870948158813,1.222318938693756,5.018910661582954,3118.4681695789263,3823.7914701151035,4116.012199830796,READY,SCENARIO_ONLY,SCENARIO_ONLY,False,12m_anchor_plus_compounded_robust_yoy_log_growth,2.0,Escenario condicional basado en crecimiento interanual histórico robusto; no es un forecast validado.
col_4b057d99c17f5783822af98b43744780,Santa Catarina,Coyoacan,2026-08,36,2029-08,12170.0,2027-08,22,-8.58870948158813,-8.154654266115834,5.018910661582954,10169.2812496719,10266.085687632662,13422.258432995923,READY,SCENARIO_ONLY,SCENARIO_ONLY,False,12m_anchor_plus_compounded_robust_yoy_log_growth,2.0,Escenario condicional basado en crecimiento interanual histórico robusto; no es un forecast validado.
col_34ef10debc6452f7a37e4eb02f41010f,Villa Coyoacan,Coyoacan,2026-08,36,2029-08,4414.0,2027-08,21,-8.58870948158813,-8.58870948158813,5.018910661582954,3688.3490087141963,3688.3490087141963,4868.188062715201,READY,SCENARIO_ONLY,SCENARIO_ONLY,False,12m_anchor_plus_compounded_robust_yoy_log_growth,2.0,Escenario condicional basado en crecimiento interanual histórico robusto; no es un forecast validado.
col_6954f4d5482a5e07b5721c81d464cd43,Algarin,Cuauhtemoc,2026-08,36,2029-08,12151.0,2027-08,21,-8.58870948158813,-2.855857881718016,5.018910661582954,10153.404804006841,11466.879681129605,13401.303386962487,READY,SCENARIO_ONLY,SCENARIO_ONLY,False,12m_anchor_plus_compounded_robust_yoy_log_growth,2.0,Escenario condicional basado en crecimiento interanual histórico robusto; no es un forecast validado.
col_8dd63c1e84435db49a927bcd4b149776,Atlampa,Cuauhtemoc,2026-08,36,2029-08,8080.0,2027-08,26,-8.58870948158813,-7.2224605788662295,5.018910661582954,6751.667419667128,6954.998831400345,8911.409050008797,READY,SCENARIO_ONLY,SCENARIO_ONLY,False,12m_anchor_plus_compounded_robust_yoy_log_growth,2.0,Escenario condicional basado en crecimiento interanual histórico robusto; no es un forecast validado.
col_af634a3d6a0956f8930194b36da1dbde,Buenavista,Cuauhtemoc,2026-08,36,2029-08,61480.0,2027-08,30,-8.58870948158813,-8.58870948158813,5.018910661582954,51372.83576251672,51372.83576251672,67806.11737556198,READY,SCENARIO_ONLY,SCENARIO_ONLY,False,12m_anchor_plus_compounded_robust_yoy_log_growth,2.0,Escenario condicional basado en crecimiento interanual histórico robusto; no es un forecast validado.
col_e56a7334b36e5ca6841813031c3b8d2b,Centro,Cuauhtemoc,2026-08,36,2029-08,145059.0,2027-08,30,-8.58870948158813,-6.797746831906338,5.018910661582954,121211.64903830372,126007.82123031076,159985.15908232995,READY,SCENARIO_ONLY,SCENARIO_ONLY,False,12m_anchor_plus_compounded_robust_yoy_log_growth,2.0,Escenario condicional basado en crecimiento interanual histórico robusto; no es un forecast validado.
col_5176ae04e5c95d57b5192bbca17b2436,Condesa,Cuauhtemoc,2026-08,36,2029-08,74775.0,2027-08,30,-8.58870948158813,-8.58870948158813,5.018910661582954,62482.169716040786,62482.169716040786,82469.13511316928,READY,SCENARIO_ONLY,SCENARIO_ONLY,False,12m_anchor_plus_compounded_robust_yoy_log_growth,2.0,Escenario condicional basado en crecimiento interanual histórico robusto; no es un forecast validado.
col_76cd2cc2efb657e1a3779dc11ff63e1d,Cuauhtemoc,Cuauhtemoc,2026-08,36,2029-08,148334.0,2027-08,30,-8.58870948158813,-7.0978093007545535,5.018910661582954,123948.24690951781,128024.3614324671,163597.1472801986,READY,SCENARIO_ONLY,SCENARIO_ONLY,False,12m_anchor_plus_compounded_robust_yoy_log_growth,2.0,Escenario condicional basado en crecimiento interanual histórico robusto; no es un forecast validado.
col_eb93b25ca61954fa8e9ee2ca2ca57f16,Doctores,Cuauhtemoc,2026-08,36,2029-08,78646.0,2027-08,30,-8.58870948158813,-1.0222394368092802,5.018910661582954,65716.78661969567,77046.31744337599,86738.45001819206,READY,SCENARIO_ONLY,SCENARIO_ONLY,False,12m_anchor_plus_compounded_robust_yoy_log_growth,2.0,Escenario condicional basado en crecimiento interanual histórico robusto; no es un forecast validado.
col_5322fef4c1c650588d41946f956ec97e,Hipodromo,Cuauhtemoc,2026-08,36,2029-08,117310.0,2027-08,30,-8.58870948158813,-8.58870948158813,5.018910661582954,98024.517945687,98024.517945687,129380.86579907573,READY,SCENARIO_ONLY,SCENARIO_ONLY,False,12m_anchor_plus_compounded_robust_yoy_log_growth,2.0,Escenario condicional basado en crecimiento interanual histórico robusto; no es un forecast validado.
col_77126fcee0bf5162978113f718dc8420,Hipodromo Condesa,Cuauhtemoc,2026-08,36,2029-08,26857.0,2027-08,30,-8.58870948158813,-8.58870948158813,5.018910661582954,22441.773748762385,22441.773748762385,29620.50901684236,READY,SCENARIO_ONLY,SCENARIO_ONLY,False,12m_anchor_plus_compounded_robust_yoy_log_growth,2.0,Escenario condicional basado en crecimiento interanual histórico robusto; no es un forecast validado.
col_b9647cb13b4b5ebebd069fd56e70a36f,Juarez,Cuauhtemoc,2026-08,36,2029-08,180805.0,2027-08,30,-8.58870948158813,-7.816626281351368,5.018910661582954,151081.09255110336,153644.00986114395,199409.32095134165,READY,SCENARIO_ONLY,SCENARIO_ONLY,False,12m_anchor_plus_compounded_robust_yoy_log_growth,2.0,Escenario condicional basado en crecimiento interanual histórico robusto; no es un forecast validado.
col_df8f37e24dff550bb52ef711568f9cb7,Obrera,Cuauhtemoc,2026-08,36,2029-08,35687.0,2027-08,22,-6.292434911464095,-0.8972234023624348,5.018910661582954,31337.139244633963,35049.488607391526,39359.09093659207,READY,SCENARIO_ONLY,SCENARIO_ONLY,False,12m_anchor_plus_compounded_robust_yoy_log_growth,2.0,Escenario condicional basado en crecimiento interanual histórico robusto; no es un forecast validado.
col_9b8d9872383b59f7a23d22ab97fc79d8,Roma Norte,Cuauhtemoc,2026-08,36,2029-08,257318.0,2027-08,30,-8.58870948158813,-8.123932364774145,5.018910661582954,215015.53924429533,217207.57390106446,283795.29132799053,READY,SCENARIO_ONLY,SCENARIO_ONLY,False,12m_anchor_plus_compounded_robust_yoy_log_growth,2.0,Escenario condicional basado en crecimiento interanual histórico robusto; no es un forecast validado.
col_a20da3b32dc95373bfc155a68e4197fa,Roma Sur,Cuauhtemoc,2026-08,36,2029-08,95674.0,2027-08,30,-8.58870948158813,-5.713857736002492,5.018910661582954,79945.42434520209,85053.00560314639,105518.5828527898,READY,SCENARIO_ONLY,SCENARIO_ONLY,False,12m_anchor_plus_compounded_robust_yoy_log_growth,2.0,Escenario condicional basado en crecimiento interanual histórico robusto; no es un forecast validado.
col_ffeedd6a32945225b84ecc416148dd76,San Rafael,Cuauhtemoc,2026-08,36,2029-08,74142.0,2027-08,30,-8.58870948158813,-4.09523564763794,5.018910661582954,61953.2333946733,68193.76398688936,81771.00121110794,READY,SCENARIO_ONLY,SCENARIO_ONLY,False,12m_anchor_plus_compounded_robust_yoy_log_growth,2.0,Escenario condicional basado en crecimiento interanual histórico robusto; no es un forecast validado.
col_bd478b6a570f533f803bd0118bf3f055,Santa Maria la Ribera,Cuauhtemoc,2026-08,36,2029-08,101201.0,2027-08,30,-6.295334664053498,-0.022520106531909168,5.018910661582954,88860.1888303345,101155.42398643859,111614.29545420052,READY,SCENARIO_ONLY,SCENARIO_ONLY,False,12m_anchor_plus_compounded_robust_yoy_log_growth,2.0,Escenario condicional basado en crecimiento interanual histórico robusto; no es un forecast validado.
col_0f6878a834535080af77fae943ae9b95,Tabacalera,Cuauhtemoc,2026-08,36,2029-08,50284.0,2027-08,30,-8.58870948158813,-8.12553586529765,5.018910661582954,42017.43125377994,42444.30784753864,55458.0807760696,READY,SCENARIO_ONLY,SCENARIO_ONLY,False,12m_anchor_plus_compounded_robust_yoy_log_growth,2.0,Escenario condicional basado en crecimiento interanual histórico robusto; no es un forecast validado.
col_e38591c35bd05184a3caa0318add5f06,Agricultura,Miguel Hidalgo,2026-08,36,2029-08,13439.0,2027-08,26,-8.58870948158813,0.18641274711039824,5.018910661582954,11229.660699617147,13489.15071830667,14821.834928597551,READY,SCENARIO_ONLY,SCENARIO_ONLY,False,12m_anchor_plus_compounded_robust_yoy_log_growth,2.0,Escenario condicional basado en crecimiento interanual histórico robusto; no es un forecast validado.
col_2d383baad6155258af666ad388181e00,Ampliacion Granada,Miguel Hidalgo,2026-08,36,2029-08,19405.0,2027-08,30,-8.251354929380216,-2.20467153070657,5.018910661582954,16334.767819187604,18558.798927744177,21401.71938309662,READY,SCENARIO_ONLY,SCENARIO_ONLY,False,12m_anchor_plus_compounded_robust_yoy_log_growth,2.0,Escenario condicional basado en crecimiento interanual histórico robusto; no es un forecast validado.
col_49351caf73a652ba8bcc7655ce37dd18,Anahuac,Miguel Hidalgo,2026-08,36,2029-08,34194.0,2027-08,26,-7.793484402988704,-2.6427607666344,5.018910661582954,29071.88076850213,32410.55048728963,37712.46547722782,READY,SCENARIO_ONLY,SCENARIO_ONLY,False,12m_anchor_plus_compounded_robust_yoy_log_growth,2.0,Escenario condicional basado en crecimiento interanual histórico robusto; no es un forecast validado.
col_3d725e14185a5c38a7d3e1cda93adc73,Anahuac I Seccion,Miguel Hidalgo,2026-08,36,2029-08,24351.0,2027-08,30,-8.58870948158813,-7.102206627969975,5.018910661582954,20347.754125781466,21014.913032611796,26856.648734748047,READY,SCENARIO_ONLY,SCENARIO_ONLY,False,12m_anchor_plus_compounded_robust_yoy_log_growth,2.0,Escenario condicional basado en crecimiento interanual histórico robusto; no es un forecast validado.
col_926ff32000a751399a54daad7479254d,Anzures,Miguel Hidalgo,2026-08,36,2029-08,32710.0,2027-08,30,-8.58870948158813,-5.098547161728872,5.018910661582954,27332.554616003934,29459.560690914557,36075.766092300466,READY,SCENARIO_ONLY,SCENARIO_ONLY,False,12m_anchor_plus_compounded_robust_yoy_log_growth,2.0,Escenario condicional basado en crecimiento interanual histórico robusto; no es un forecast validado.
col_a4784e1d94d556b3b35e2f91d799fbf4,Bosque de Chapultepec,Miguel Hidalgo,2026-08,36,2029-08,32302.0,2027-08,30,-8.58870948158813,-5.626768504721968,5.018910661582954,26991.628835406882,28769.152299206693,35625.784051161405,READY,SCENARIO_ONLY,SCENARIO_ONLY,False,12m_anchor_plus_compounded_robust_yoy_log_growth,2.0,Escenario condicional basado en crecimiento interanual histórico robusto; no es un forecast validado.
col_6e932760ad7e5318b2922fea188ea3f8,Cuauhtemoc Pensil,Miguel Hidalgo,2026-08,36,2029-08,7216.0,2027-08,30,-8.198167135072199,1.9485994572662868,5.018910661582954,6081.339214927076,7499.961817624721,7958.505904067262,READY,SCENARIO_ONLY,SCENARIO_ONLY,False,12m_anchor_plus_compounded_robust_yoy_log_growth,2.0,Escenario condicional basado en crecimiento interanual histórico robusto; no es un forecast validado.
col_f1b446f58ae65b7f8a814bab39bf17dc,Escandon,Miguel Hidalgo,2026-08,36,2029-08,68831.0,2027-08,30,-8.58870948158813,-5.368939421517027,5.018910661582954,57515.349030087644,61638.419484955826,75913.51439618261,READY,SCENARIO_ONLY,SCENARIO_ONLY,False,12m_anchor_plus_compounded_robust_yoy_log_growth,2.0,Escenario condicional basado en crecimiento interanual histórico robusto; no es un forecast validado.
col_b0d667d100335a2cbd38dd885b4a49ae,Granada,Miguel Hidalgo,2026-08,36,2029-08,24980.0,2027-08,30,-8.58870948158813,-2.6671662667850704,5.018910661582954,20873.348037535256,23665.25394529908,27550.37104817076,READY,SCENARIO_ONLY,SCENARIO_ONLY,False,12m_anchor_plus_compounded_robust_yoy_log_growth,2.0,Escenario condicional basado en crecimiento interanual histórico robusto; no es un forecast validado.
col_d230756d48c258b4b050767d29182a80,Irrigacion,Miguel Hidalgo,2026-08,36,2029-08,7159.0,2027-08,30,-8.58870948158813,-1.2881454058997877,5.018910661582954,5982.077606113487,6975.751246959516,7895.640765966952,READY,SCENARIO_ONLY,SCENARIO_ONLY,False,12m_anchor_plus_compounded_robust_yoy_log_growth,2.0,Escenario condicional basado en crecimiento interanual histórico robusto; no es un forecast validado.
col_296d6268c64b5552821a2eebfad2256f,Lomas de Chapultepec Seccion III,Miguel Hidalgo,2026-08,36,2029-08,5572.0,2027-08,30,-8.58870948158813,5.018910661582954,5.018910661582954,4655.976591879362,6145.342973595175,6145.342973595175,READY,SCENARIO_ONLY,SCENARIO_ONLY,False,12m_anchor_plus_compounded_robust_yoy_log_growth,2.0,Escenario condicional basado en crecimiento interanual histórico robusto; no es un forecast validado.
col_bbdf83c90b8d5945967637dfe673bde4,Lomas de Chapultepec Seccion IV/Lomas Virreyes,Miguel Hidalgo,2026-08,36,2029-08,3839.0,2027-08,30,-8.246666340037423,5.018910661582954,5.018910661582954,3231.9290398593344,4234.022195913833,4234.022195913833,READY,SCENARIO_ONLY,SCENARIO_ONLY,False,12m_anchor_plus_compounded_robust_yoy_log_growth,2.0,Escenario condicional basado en crecimiento interanual histórico robusto; no es un forecast validado.
col_333380f5322950cf9a22ac2947f13767,Lomas de Chapultepec Seccion V,Miguel Hidalgo,2026-08,36,2029-08,3353.0,2027-08,30,-4.337127647731487,5.018910661582954,5.018910661582954,3068.459439683956,3698.01417632172,3698.01417632172,READY,SCENARIO_ONLY,SCENARIO_ONLY,False,12m_anchor_plus_compounded_robust_yoy_log_growth,2.0,Escenario condicional basado en crecimiento interanual histórico robusto; no es un forecast validado.
col_7f4389bc274355ffaf821a5f6d5a33f1,Mariano Escobedo,Miguel Hidalgo,2026-08,36,2029-08,7962.0,2027-08,30,-5.701328577847842,1.7253843653320944,5.018910661582954,7080.001035744877,8239.1204548874,8781.26718516956,READY,SCENARIO_ONLY,SCENARIO_ONLY,False,12m_anchor_plus_compounded_robust_yoy_log_growth,2.0,Escenario condicional basado en crecimiento interanual histórico robusto; no es un forecast validado.
col_76d47b3676925748aa9d3dee653c6562,Modelo Pensil,Miguel Hidalgo,2026-08,36,2029-08,5192.0,2027-08,30,0.547828121862759,5.018910661582954,5.018910661582954,5249.042292220282,5726.242052926445,5726.242052926445,READY,SCENARIO_ONLY,SCENARIO_ONLY,False,12m_anchor_plus_compounded_robust_yoy_log_growth,2.0,Escenario condicional basado en crecimiento interanual histórico robusto; no es un forecast validado.
col_d40150e91a0457b18f3ac9b3be178bdc,Molino del Rey,Miguel Hidalgo,2026-08,36,2029-08,3981.0,2027-08,30,-8.58870948158813,-1.354252926856947,5.018910661582954,3326.5331680315394,3873.9044977577296,4390.63359258478,READY,SCENARIO_ONLY,SCENARIO_ONLY,False,12m_anchor_plus_compounded_robust_yoy_log_growth,2.0,Escenario condicional basado en crecimiento interanual histórico robusto; no es un forecast validado.
col_19663fbe37bd50ee8eff60a93705eb35,Nextitla,Miguel Hidalgo,2026-08,36,2029-08,5344.0,2027-08,25,-8.58870948158813,5.018910661582954,5.018910661582954,4465.459243898656,5893.882421193936,5893.882421193936,READY,SCENARIO_ONLY,SCENARIO_ONLY,False,12m_anchor_plus_compounded_robust_yoy_log_growth,2.0,Escenario condicional basado en crecimiento interanual histórico robusto; no es un forecast validado.
col_2006d9e5f6975534a01a4ae3d0063ec1,Plutarco Elias Calles,Miguel Hidalgo,2026-08,36,2029-08,6671.0,2027-08,25,-8.58870948158813,0.8639689676452456,5.018910661582954,5574.303633242502,6786.76869137296,7357.42695205553,READY,SCENARIO_ONLY,SCENARIO_ONLY,False,12m_anchor_plus_compounded_robust_yoy_log_growth,2.0,Escenario condicional basado en crecimiento interanual histórico robusto; no es un forecast validado.
col_43db8a95c872541680d0688e731fe141,Polanco,Miguel Hidalgo,2026-08,36,2029-08,189646.0,2027-08,30,-8.58870948158813,-3.156041937656473,5.018910661582954,158468.6533997763,177864.2842220915,209160.03473984756,READY,SCENARIO_ONLY,SCENARIO_ONLY,False,12m_anchor_plus_compounded_robust_yoy_log_growth,2.0,Escenario condicional basado en crecimiento interanual histórico robusto; no es un forecast validado.
col_cda58c28c9e35bd7b4c277287cc632da,Polanco Seccion I/ Los Morales,Miguel Hidalgo,2026-08,36,2029-08,4056.0,2027-08,30,-8.58870948158813,-3.5658559899383935,5.018910661582954,3389.2033482883508,3771.895099514659,4473.350879558871,READY,SCENARIO_ONLY,SCENARIO_ONLY,False,12m_anchor_plus_compounded_robust_yoy_log_growth,2.0,Escenario condicional basado en crecimiento interanual histórico robusto; no es un forecast validado.
col_92cd6e3f23155eedb10936246b2da76c,Popotla,Miguel Hidalgo,2026-08,36,2029-08,15999.0,2027-08,25,-8.58870948158813,-5.297115593146828,5.018910661582954,13368.802852382969,14348.921240332973,17645.25165731321,READY,SCENARIO_ONLY,SCENARIO_ONLY,False,12m_anchor_plus_compounded_robust_yoy_log_growth,2.0,Escenario condicional basado en crecimiento interanual histórico robusto; no es un forecast validado.
col_62bb8f5cf8d25a898a34208ad6dee465,San Miguel Chapultepec,Miguel Hidalgo,2026-08,36,2029-08,46224.0,2027-08,30,-4.638030045142139,5.018910661582954,5.018910661582954,42035.66792191382,50980.318307872105,50980.318307872105,READY,SCENARIO_ONLY,SCENARIO_ONLY,False,12m_anchor_plus_compounded_robust_yoy_log_growth,2.0,Escenario condicional basado en crecimiento interanual histórico robusto; no es un forecast validado.
col_c84c8cba11e05de082c7496795578d88,Santo Tomas,Miguel Hidalgo,2026-08,36,2029-08,1805.0,2027-08,25,-8.58870948158813,0.5112184038625456,5.018910661582954,1508.26233818059,1823.5021570177266,1990.72937317647,READY,SCENARIO_ONLY,SCENARIO_ONLY,False,12m_anchor_plus_compounded_robust_yoy_log_growth,2.0,Escenario condicional basado en crecimiento interanual histórico robusto; no es un forecast validado.
col_de2ee5e1ae0955e6845ef669ea127a75,Tacuba,Miguel Hidalgo,2026-08,36,2029-08,6479.0,2027-08,25,-6.577233654597547,1.2619143509195796,5.018910661582954,5654.750218687562,6643.550595582605,7145.670697401855,READY,SCENARIO_ONLY,SCENARIO_ONLY,False,12m_anchor_plus_compounded_robust_yoy_log_growth,2.0,Escenario condicional basado en crecimiento interanual histórico robusto; no es un forecast validado.
col_39b7c034d6a15d22952ae31d1eab536a,Tlaxpana,Miguel Hidalgo,2026-08,36,2029-08,17876.0,2027-08,25,-3.7628053585500365,4.357415675937393,5.018910661582954,16556.031927778928,19467.80454124734,19715.389625984808,READY,SCENARIO_ONLY,SCENARIO_ONLY,False,12m_anchor_plus_compounded_robust_yoy_log_growth,2.0,Escenario condicional basado en crecimiento interanual histórico robusto; no es un forecast validado.
col_fb144842ece557ce8e184ba17ea11743,Un Hogar para Nosotros,Miguel Hidalgo,2026-08,36,2029-08,2794.0,2027-08,25,-8.58870948158813,-8.331332533013203,5.018910661582954,2334.673115167074,2347.8385998913373,3081.494664074824,READY,SCENARIO_ONLY,SCENARIO_ONLY,False,12m_anchor_plus_compounded_robust_yoy_log_growth,2.0,Escenario condicional basado en crecimiento interanual histórico robusto; no es un forecast validado.
col_6f85f8cb1357503bae86559c4ab47194,Veronica Anzures,Miguel Hidalgo,2026-08,36,2029-08,14050.0,2027-08,30,-8.58870948158813,-1.0234970621894046,5.018910661582954,11740.213768109303,13763.869127986793,15495.705093146484,READY,SCENARIO_ONLY,SCENARIO_ONLY,False,12m_anchor_plus_compounded_robust_yoy_log_growth,2.0,Escenario condicional basado en crecimiento interanual histórico robusto; no es un forecast validado.
col_1fd836f8991b530f861257d28b0cb970,Agricola,Alvaro Obregon,2026-08,60,2031-08,1522.0,2027-08,21,-8.58870948158813,-7.961165048543695,4.528763769889843,1062.7081551977035,1092.1922812630419,1817.0124750919113,READY,SCENARIO_ONLY,SCENARIO_ONLY,False,12m_anchor_plus_compounded_robust_yoy_log_growth,4.0,Escenario condicional basado en crecimiento interanual histórico robusto; no es un forecast validado.
col_d4e474286fa85c0aa9cd393c8e2880c1,Axotla,Alvaro Obregon,2026-08,60,2031-08,3517.0,2027-08,21,-8.58870948158813,-8.58870948158813,-3.032809484422383,2455.6797515310927,2455.6797515310927,3109.3643811646593,READY,SCENARIO_ONLY,SCENARIO_ONLY,False,12m_anchor_plus_compounded_robust_yoy_log_growth,4.0,Escenario condicional basado en crecimiento interanual histórico robusto; no es un forecast validado.
col_543d04998daf5e4ab3306049617a67b4,Florida,Alvaro Obregon,2026-08,60,2031-08,5894.0,2027-08,21,-8.58870948158813,-8.58870948158813,-5.777616279069764,4115.375733728821,4115.375733728821,4645.435990830445,READY,SCENARIO_ONLY,SCENARIO_ONLY,False,12m_anchor_plus_compounded_robust_yoy_log_growth,4.0,Escenario condicional basado en crecimiento interanual histórico robusto; no es un forecast validado.
col_f884dc870afb59218eed6bb359ce0e0f,Guadalupe Chimalistac,Alvaro Obregon,2026-08,60,2031-08,9792.0,2027-08,21,-8.58870948158813,-5.107084019769359,0.6864334064257793,6837.081639747644,7939.745360791874,10063.643267225165,READY,SCENARIO_ONLY,SCENARIO_ONLY,False,12m_anchor_plus_compounded_robust_yoy_log_growth,4.0,Escenario condicional basado en crecimiento interanual histórico robusto; no es un forecast validado.
col_cbef3a463b0b5bc2ac31e747b6721178,Guadalupe Inn,Alvaro Obregon,2026-08,60,2031-08,13273.0,2027-08,20,-8.58870948158813,0.6277398154231006,5.018910661582954,9267.62506172084,13609.43096987448,16145.040207586404,READY,SCENARIO_ONLY,SCENARIO_ONLY,False,12m_anchor_plus_compounded_robust_yoy_log_growth,4.0,Escenario condicional basado en crecimiento interanual histórico robusto; no es un forecast validado.
col_47716220585b527aaf095e5cd827326f,San Angel,Alvaro Obregon,2026-08,60,2031-08,3198.0,2027-08,19,-8.58870948158813,-8.58870948158813,1.6778108146464632,2232.943942393072,2232.943942393072,3418.087747254713,READY,SCENARIO_ONLY,SCENARIO_ONLY,False,12m_anchor_plus_compounded_robust_yoy_log_growth,4.0,Escenario condicional basado en crecimiento interanual histórico robusto; no es un forecast validado.
col_175c1726756a5dda90d2345c13795848,Angel Zimbron,Azcapotzalco,2026-08,60,2031-08,6587.0,2027-08,21,-8.58870948158813,-6.692004886656711,2.4606429421881293,4599.250077718314,4993.0175806233465,7259.654802880915,READY,SCENARIO_ONLY,SCENARIO_ONLY,False,12m_anchor_plus_compounded_robust_yoy_log_growth,4.0,Escenario condicional basado en crecimiento interanual histórico robusto; no es un forecast validado.
col_46ef3d6067b85bc580fd6f574f0e5a26,Claveria,Azcapotzalco,2026-08,60,2031-08,12046.0,2027-08,21,-8.084491537085459,4.998651442956037,5.018910661582954,8598.011760355563,14641.2360903173,14652.539315948605,READY,SCENARIO_ONLY,SCENARIO_ONLY,False,12m_anchor_plus_compounded_robust_yoy_log_growth,4.0,Escenario condicional basado en crecimiento interanual histórico robusto; no es un forecast validado.
col_218c753a6a38548aa02718260c2caef7,Del Recreo,Azcapotzalco,2026-08,60,2031-08,1544.0,2027-08,18,-3.9962949856051533,2.5831560545157117,5.018910661582954,1311.5935471459802,1709.8244435478193,1878.094031531184,READY,SCENARIO_ONLY,SCENARIO_ONLY,False,12m_anchor_plus_compounded_robust_yoy_log_growth,4.0,Escenario condicional basado en crecimiento interanual histórico robusto; no es un forecast validado.
col_debb68f1d0525506bae6ef15b9e39d2f,Hogar y Seguridad,Azcapotzalco,2026-08,60,2031-08,3256.0,2027-08,21,5.018910661582954,5.018910661582954,5.018910661582954,3960.540263384414,3960.540263384414,3960.540263384414,READY,SCENARIO_ONLY,SCENARIO_ONLY,False,12m_anchor_plus_compounded_robust_yoy_log_growth,4.0,Escenario condicional basado en crecimiento interanual histórico robusto; no es un forecast validado.
col_d24f94824377561c8616923a56c96081,Ignacio Allende,Azcapotzalco,2026-08,60,2031-08,1274.0,2027-08,19,-3.2960310622551225,2.8797696184305277,5.018910661582954,1114.157590294368,1427.2148643774779,1549.6708524421817,READY,SCENARIO_ONLY,SCENARIO_ONLY,False,12m_anchor_plus_compounded_robust_yoy_log_growth,4.0,Escenario condicional basado en crecimiento interanual histórico robusto; no es un forecast validado.
col_a21a9068f97957a2a0828f64e9102bde,Nueva Santa Maria,Azcapotzalco,2026-08,60,2031-08,10878.0,2027-08,21,2.652005174644234,5.018910661582954,5.018910661582954,12078.661296226981,13231.804970852476,13231.804970852476,READY,SCENARIO_ONLY,SCENARIO_ONLY,False,12m_anchor_plus_compounded_robust_yoy_log_growth,4.0,Escenario condicional basado en crecimiento interanual histórico robusto; no es un forecast validado.
col_075ade1e8b735efcac21da8802b37c0a,Obrero Popular,Azcapotzalco,2026-08,60,2031-08,1463.0,2027-08,21,-8.193752829334544,-1.9922254616132173,5.018910661582954,1039.2816644045874,1349.8528793855521,1779.5670778044835,READY,SCENARIO_ONLY,SCENARIO_ONLY,False,12m_anchor_plus_compounded_robust_yoy_log_growth,4.0,Escenario condicional basado en crecimiento interanual histórico robusto; no es un forecast validado.
col_0d7a0b5c2d6b5f31bd586ed063d99183,San Alvaro,Azcapotzalco,2026-08,60,2031-08,3065.0,2027-08,18,-8.58870948158813,-7.010459488118115,-3.1998047783966532,2140.0791693041797,2291.748130924096,2691.1345475009925,READY,SCENARIO_ONLY,SCENARIO_ONLY,False,12m_anchor_plus_compounded_robust_yoy_log_growth,4.0,Escenario condicional basado en crecimiento interanual histórico robusto; no es un forecast validado.
col_ba378e9f675c57f6b84cd80ba4906921,San Salvador Xochimanca,Azcapotzalco,2026-08,60,2031-08,3790.0,2027-08,21,-4.019862851737999,1.5449788188387714,5.018910661582954,3216.360164708487,4029.7028579698053,4610.088328693774,READY,SCENARIO_ONLY,SCENARIO_ONLY,False,12m_anchor_plus_compounded_robust_yoy_log_growth,4.0,Escenario condicional basado en crecimiento interanual histórico robusto; no es un forecast validado.
col_a8d3b136a1115b0380f6f041ad7b12a8,Sector Naval,Azcapotzalco,2026-08,60,2031-08,3676.0,2027-08,18,-3.6399530349413234,0.8576164289023414,5.018910661582954,3169.3011972930103,3803.7354465093404,4471.420764189529,READY,SCENARIO_ONLY,SCENARIO_ONLY,False,12m_anchor_plus_compounded_robust_yoy_log_growth,4.0,Escenario condicional basado en crecimiento interanual histórico robusto; no es un forecast validado.
col_145462232cb0506eac0d954b79bb4e67,Tlatilco,Azcapotzalco,2026-08,60,2031-08,5954.0,2027-08,19,-0.5708673239301909,5.018910661582954,5.018910661582954,5819.202021390714,7242.3392899848905,7242.3392899848905,READY,SCENARIO_ONLY,SCENARIO_ONLY,False,12m_anchor_plus_compounded_robust_yoy_log_growth,4.0,Escenario condicional basado en crecimiento interanual histórico robusto; no es un forecast validado.
col_b0071da2a8ad5c38b1d137c8dd21a966,Unidad Habitacional Cuitláhuac,Azcapotzalco,2026-08,60,2031-08,2694.0,2027-08,19,-4.577816580934913,2.1557719054241975,5.018910661582954,2233.5464579782406,2933.9265037479518,3276.93349802138,READY,SCENARIO_ONLY,SCENARIO_ONLY,False,12m_anchor_plus_compounded_robust_yoy_log_growth,4.0,Escenario condicional basado en crecimiento interanual histórico robusto; no es un forecast validado.
col_321ef9a198015257a1d0afd095d56686,Victoria de las Democracias,Azcapotzalco,2026-08,60,2031-08,3664.0,2027-08,19,-1.4726801605652096,3.232692894175049,5.018910661582954,3452.8852188026326,4161.256536961423,4456.824178452241,READY,SCENARIO_ONLY,SCENARIO_ONLY,False,12m_anchor_plus_compounded_robust_yoy_log_growth,4.0,Escenario condicional basado en crecimiento interanual histórico robusto; no es un forecast validado.
col_4d16bf4016d1531fac1806d04420e1fc,Acacias,Benito Juarez,2026-08,60,2031-08,9949.0,2027-08,30,-8.58870948158813,-5.232585248103372,5.018910661582954,6946.703965875133,8024.455332441579,12101.785958357352,READY,SCENARIO_ONLY,SCENARIO_ONLY,False,12m_anchor_plus_compounded_robust_yoy_log_growth,4.0,Escenario condicional basado en crecimiento interanual histórico robusto; no es un forecast validado.
col_9f7b23fc019150a58f8d3fa8ecb0545b,Actipan,Benito Juarez,2026-08,60,2031-08,18852.0,2027-08,30,-8.58870948158813,-4.054821075334425,5.018910661582954,13163.057911818074,15975.338143103894,22931.236193281013,READY,SCENARIO_ONLY,SCENARIO_ONLY,False,12m_anchor_plus_compounded_robust_yoy_log_growth,4.0,Escenario condicional basado en crecimiento interanual histórico robusto; no es un forecast validado.
col_479170cdfd5b53c484ffa7a376547b3a,Alamos,Benito Juarez,2026-08,60,2031-08,26156.0,2027-08,22,-8.58870948158813,-1.2995415073651873,5.018910661582954,18262.939886564476,24822.64230277219,31815.691378710915,READY,SCENARIO_ONLY,SCENARIO_ONLY,False,12m_anchor_plus_compounded_robust_yoy_log_growth,4.0,Escenario condicional basado en crecimiento interanual histórico robusto; no es un forecast validado.
col_49f6b5a0ab625bda9ca00f7acd601c17,Americas Unidas,Benito Juarez,2026-08,60,2031-08,11499.0,2027-08,22,-7.783335777923828,-1.2489507628064334,5.018910661582954,8315.678823867454,10935.205499358019,13987.17828275718,READY,SCENARIO_ONLY,SCENARIO_ONLY,False,12m_anchor_plus_compounded_robust_yoy_log_growth,4.0,Escenario condicional basado en crecimiento interanual histórico robusto; no es un forecast validado.
col_f8e6271a3b155d19906933df376c56d8,Ampliacion Napoles,Benito Juarez,2026-08,60,2031-08,12412.0,2027-08,30,-8.58870948158813,-6.743886197550153,5.018910661582954,8666.447846461168,9387.523143060549,15097.735180935919,READY,SCENARIO_ONLY,SCENARIO_ONLY,False,12m_anchor_plus_compounded_robust_yoy_log_growth,4.0,Escenario condicional basado en crecimiento interanual histórico robusto; no es un forecast validado.
col_e72f76ae560a556e957e54c180d9d323,Centro Urbano Presidente Aleman,Benito Juarez,2026-08,60,2031-08,2332.0,2027-08,30,-8.58870948158813,0.33100074421112957,5.018910661582954,1628.275570250358,2363.029386419802,2836.603161613162,READY,SCENARIO_ONLY,SCENARIO_ONLY,False,12m_anchor_plus_compounded_robust_yoy_log_growth,4.0,Escenario condicional basado en crecimiento interanual histórico robusto; no es un forecast validado.
col_9bbea60acc995fa7b9c482efc14ebb94,Ciudad de los Deportes,Benito Juarez,2026-08,60,2031-08,10782.0,2027-08,30,-8.58870948158813,-8.58870948158813,5.018910661582954,7528.330702589777,7528.330702589777,13115.032284954163,READY,SCENARIO_ONLY,SCENARIO_ONLY,False,12m_anchor_plus_compounded_robust_yoy_log_growth,4.0,Escenario condicional basado en crecimiento interanual histórico robusto; no es un forecast validado.
col_81496637921a5e749f117e8ef4f2ee99,Credito Constructor,Benito Juarez,2026-08,60,2031-08,2111.0,2027-08,29,-8.58870948158813,-5.8400338552687225,4.944110060189155,1473.9664360199424,1659.4088732866599,2560.4748206868844,READY,SCENARIO_ONLY,SCENARIO_ONLY,False,12m_anchor_plus_compounded_robust_yoy_log_growth,4.0,Escenario condicional basado en crecimiento interanual histórico robusto; no es un forecast validado.
col_058b0a95e3e35746bf806f626cc29e3c,Del Valle Centro,Benito Juarez,2026-08,60,2031-08,44578.0,2027-08,30,-8.58870948158813,-4.789107725882902,5.018910661582954,31125.758306441017,36632.547435007866,54223.883249739076,READY,SCENARIO_ONLY,SCENARIO_ONLY,False,12m_anchor_plus_compounded_robust_yoy_log_growth,4.0,Escenario condicional basado en crecimiento interanual histórico robusto; no es un forecast validado.
col_cbe1b970a3525757af7647d6463839ff,Del Valle Norte,Benito Juarez,2026-08,60,2031-08,65862.0,2027-08,30,-8.58870948158813,-5.434480786805473,5.018910661582954,45986.91492617027,52670.34465036802,80113.36081911066,READY,SCENARIO_ONLY,SCENARIO_ONLY,False,12m_anchor_plus_compounded_robust_yoy_log_growth,4.0,Escenario condicional basado en crecimiento interanual histórico robusto; no es un forecast validado.
col_b311567e717b53408adc7485d395fbd0,Del Valle Sur,Benito Juarez,2026-08,60,2031-08,53320.0,2027-08,30,-8.58870948158813,-6.92608055589421,5.018910661582954,37229.697000750035,40013.09566073601,64857.495959354106,READY,SCENARIO_ONLY,SCENARIO_ONLY,False,12m_anchor_plus_compounded_robust_yoy_log_growth,4.0,Escenario condicional basado en crecimiento interanual histórico robusto; no es un forecast validado.
col_84c2fef5059c546e9a59e6816fb7e72b,Extremadura Insurgentes,Benito Juarez,2026-08,60,2031-08,9159.0,2027-08,28,-8.58870948158813,-4.127617415488927,5.018910661582954,6395.101178354643,7737.882679511483,11140.844063985827,READY,SCENARIO_ONLY,SCENARIO_ONLY,False,12m_anchor_plus_compounded_robust_yoy_log_growth,4.0,Escenario condicional basado en crecimiento interanual histórico robusto; no es un forecast validado.
col_21faee63d17e537f90a501b5c0313a20,General Pedro Maria Anaya,Benito Juarez,2026-08,60,2031-08,11776.0,2027-08,30,-8.58870948158813,-2.591853028074753,5.018910661582954,8222.372690938342,10601.783318251562,14324.116136859602,READY,SCENARIO_ONLY,SCENARIO_ONLY,False,12m_anchor_plus_compounded_robust_yoy_log_growth,4.0,Escenario condicional basado en crecimiento interanual histórico robusto; no es un forecast validado.
col_347bf8c118ae5cde8343a717c911525d,Independencia,Benito Juarez,2026-08,60,2031-08,6248.0,2027-08,22,-8.58870948158813,2.8383079642769315,5.018910661582954,4362.549641048128,6988.125736247277,7599.955640548471,READY,SCENARIO_ONLY,SCENARIO_ONLY,False,12m_anchor_plus_compounded_robust_yoy_log_growth,4.0,Escenario condicional basado en crecimiento interanual histórico robusto; no es un forecast validado.
col_a069943804255517b1a44551a37b7d8e,Insurgentes Mixcoac,Benito Juarez,2026-08,60,2031-08,31254.0,2027-08,30,-8.58870948158813,-7.039626826428624,5.018910661582954,21822.523444513157,23339.79523779678,38016.80755276919,READY,SCENARIO_ONLY,SCENARIO_ONLY,False,12m_anchor_plus_compounded_robust_yoy_log_growth,4.0,Escenario condicional basado en crecimiento interanual histórico robusto; no es un forecast validado.
col_64a29c6aaaf85a42bb0e87a40667ac42,Insurgentes San Borja,Benito Juarez,2026-08,60,2031-08,4938.0,2027-08,30,-8.58870948158813,-3.627297274631547,5.018910661582954,3447.866537691367,4259.584524404109,6006.495030894422,READY,SCENARIO_ONLY,SCENARIO_ONLY,False,12m_anchor_plus_compounded_robust_yoy_log_growth,4.0,Escenario condicional basado en crecimiento interanual histórico robusto; no es un forecast validado.
col_eadac3374f095a63b927c12303b7218a,Josefa Ortiz de Dominguez,Benito Juarez,2026-08,60,2031-08,5297.0,2027-08,21,-5.076668048072941,1.1963924167126772,5.018910661582954,4300.528892404461,5555.077149294904,6443.176220868318,READY,SCENARIO_ONLY,SCENARIO_ONLY,False,12m_anchor_plus_compounded_robust_yoy_log_growth,4.0,Escenario condicional basado en crecimiento interanual histórico robusto; no es un forecast validado.
col_81ad18034e5855e38b63dfffe608d3d3,Letran Valle,Benito Juarez,2026-08,60,2031-08,13288.0,2027-08,30,-4.740066525701425,2.4759016050731386,5.018910661582954,10942.10089412948,14653.67690044039,16163.285939758016,READY,SCENARIO_ONLY,SCENARIO_ONLY,False,12m_anchor_plus_compounded_robust_yoy_log_growth,4.0,Escenario condicional basado en crecimiento interanual histórico robusto; no es un forecast validado.
col_6bf10fd8943e5967b7603760fb6cd344,Napoles,Benito Juarez,2026-08,60,2031-08,45949.0,2027-08,30,-8.58870948158813,-6.850696152632263,5.018910661582954,32083.033523770882,34593.50113912461,55891.543170224344,READY,SCENARIO_ONLY,SCENARIO_ONLY,False,12m_anchor_plus_compounded_robust_yoy_log_growth,4.0,Escenario condicional basado en crecimiento interanual histórico robusto; no es un forecast validado.
col_fff7ee1276da58efb088edf2d4f0141e,Narvarte,Benito Juarez,2026-08,60,2031-08,45097.0,2027-08,22,-8.58870948158813,-5.128941812352339,5.018910661582954,31488.14039090068,36532.772380895505,54855.185582876824,READY,SCENARIO_ONLY,SCENARIO_ONLY,False,12m_anchor_plus_compounded_robust_yoy_log_growth,4.0,Escenario condicional basado en crecimiento interanual histórico robusto; no es un forecast validado.
col_99820d9ec1005837855fcf0d7f8dcaf0,Narvarte Poniente,Benito Juarez,2026-08,60,2031-08,51437.0,2027-08,30,-8.58870948158813,-7.871494400704604,5.018910661582954,35914.92731859677,37055.41976863033,62567.048380744505,READY,SCENARIO_ONLY,SCENARIO_ONLY,False,12m_anchor_plus_compounded_robust_yoy_log_growth,4.0,Escenario condicional basado en crecimiento interanual histórico robusto; no es un forecast validado.
col_5481a24d7414578eb3d8dcf5c715fb23,Niños Heroes de Chapultepec,Benito Juarez,2026-08,60,2031-08,6310.0,2027-08,22,-4.688583719071482,0.8266475669117312,5.018910661582954,5207.257464913427,6521.247281801166,7675.371333524464,READY,SCENARIO_ONLY,SCENARIO_ONLY,False,12m_anchor_plus_compounded_robust_yoy_log_growth,4.0,Escenario condicional basado en crecimiento interanual histórico robusto; no es un forecast validado.
col_a11503ab8f7b52ecba6e146f1cd2bcae,Noche Buena,Benito Juarez,2026-08,60,2031-08,4811.0,2027-08,30,-8.58870948158813,-3.757523716193012,5.018910661582954,3359.1911528621235,4127.646646420324,5852.014498508113,READY,SCENARIO_ONLY,SCENARIO_ONLY,False,12m_anchor_plus_compounded_robust_yoy_log_growth,4.0,Escenario condicional basado en crecimiento interanual histórico robusto; no es un forecast validado.
col_f685e6afce2f59ffb8b623a8882cd0ef,Nonoalco,Benito Juarez,2026-08,60,2031-08,7725.0,2027-08,30,-7.253795037903654,3.6040021828390056,5.018910661582954,5715.879702116575,8900.299426349864,9396.552068379791,READY,SCENARIO_ONLY,SCENARIO_ONLY,False,12m_anchor_plus_compounded_robust_yoy_log_growth,4.0,Escenario condicional basado en crecimiento interanual histórico robusto; no es un forecast validado.
col_ee0096c66b1754fb83cf4c4170f93dd6,Piedad Narvarte,Benito Juarez,2026-08,60,2031-08,9180.0,2027-08,21,-8.58870948158813,-8.58870948158813,5.018910661582954,6409.764037263416,6409.764037263416,11166.388089026083,READY,SCENARIO_ONLY,SCENARIO_ONLY,False,12m_anchor_plus_compounded_robust_yoy_log_growth,4.0,Escenario condicional basado en crecimiento interanual histórico robusto; no es un forecast validado.
col_e426afce41e3549e9144c6ee8c8047dc,Portales,Benito Juarez,2026-08,60,2031-08,48897.0,2027-08,22,-4.0370929432572815,1.3671371682293154,5.018910661582954,41466.34891801584,51626.292706832704,59477.437733018334,READY,SCENARIO_ONLY,SCENARIO_ONLY,False,12m_anchor_plus_compounded_robust_yoy_log_growth,4.0,Escenario condicional basado en crecimiento interanual histórico robusto; no es un forecast validado.
col_588e4e85b75a566e85b1e464fdd27b30,Portales Norte,Benito Juarez,2026-08,60,2031-08,8389.0,2027-08,30,-7.851303255532704,5.018910661582954,5.018910661582954,6048.768786243368,10204.229812509782,10204.229812509782,READY,SCENARIO_ONLY,SCENARIO_ONLY,False,12m_anchor_plus_compounded_robust_yoy_log_growth,4.0,Escenario condicional basado en crecimiento interanual histórico robusto; no es un forecast validado.
col_aeb67b70520e58b895caf170c4cc2b7b,Postal,Benito Juarez,2026-08,60,2031-08,6873.0,2027-08,22,-8.58870948158813,-4.622086380225809,5.018910661582954,4798.944251428263,5687.712243460824,8360.194481032273,READY,SCENARIO_ONLY,SCENARIO_ONLY,False,12m_anchor_plus_compounded_robust_yoy_log_growth,4.0,Escenario condicional basado en crecimiento interanual histórico robusto; no es un forecast validado.
col_4a6ce89e87ac5037b13cd12239825b31,Residencial Emperadores,Benito Juarez,2026-08,60,2031-08,1792.0,2027-08,30,-8.58870948158813,-1.1215307922778694,5.018910661582954,1251.2306268819216,1712.9510095217036,2179.7568034351566,READY,SCENARIO_ONLY,SCENARIO_ONLY,False,12m_anchor_plus_compounded_robust_yoy_log_growth,4.0,Escenario condicional basado en crecimiento interanual histórico robusto; no es un forecast validado.
col_506a1cf0beec53eb97a74f9abc9cfe66,San Jose Insurgentes,Benito Juarez,2026-08,60,2031-08,19406.0,2027-08,30,-8.58870948158813,-3.3367704450485536,5.018910661582954,13549.878094459025,16942.645774427976,23605.111901485856,READY,SCENARIO_ONLY,SCENARIO_ONLY,False,12m_anchor_plus_compounded_robust_yoy_log_growth,4.0,Escenario condicional basado en crecimiento interanual histórico robusto; no es un forecast validado.
col_7d88ca5b0c8d519c962986381a6c0a11,San Pedro de los Pinos,Benito Juarez,2026-08,60,2031-08,30935.0,2027-08,30,-8.58870948158813,-4.222967961950797,5.018910661582954,21599.787635375138,26031.285773977103,37628.78164858626,READY,SCENARIO_ONLY,SCENARIO_ONLY,False,12m_anchor_plus_compounded_robust_yoy_log_growth,4.0,Escenario condicional basado en crecimiento interanual histórico robusto; no es un forecast validado.
col_abad05146e545e0cb59abdc228f8373c,San Simon Ticumac,Benito Juarez,2026-08,60,2031-08,13689.0,2027-08,22,-8.15187775056243,0.24248969583697821,5.018910661582954,9742.106017192897,13822.261397283066,16651.05517981242,READY,SCENARIO_ONLY,SCENARIO_ONLY,False,12m_anchor_plus_compounded_robust_yoy_log_growth,4.0,Escenario condicional basado en crecimiento interanual histórico robusto; no es un forecast validado.
col_6e124db5b88b5695a72b6c82db5754cd,Santa Cruz Atoyac,Benito Juarez,2026-08,60,2031-08,23537.0,2027-08,30,-8.58870948158813,-8.58870948158813,5.018910661582954,16434.271911227563,16434.271911227563,28629.98654154759,READY,SCENARIO_ONLY,SCENARIO_ONLY,False,12m_anchor_plus_compounded_robust_yoy_log_growth,4.0,Escenario condicional basado en crecimiento interanual histórico robusto; no es un forecast validado.
col_8e89f7e8963258c3b4c0ec85deb35ae9,Tlacoquemecatl del Valle,Benito Juarez,2026-08,60,2031-08,19818.0,2027-08,30,-8.58870948158813,-2.1633784704000347,5.018910661582954,13837.549421621608,18157.899724699695,24106.261345132778,READY,SCENARIO_ONLY,SCENARIO_ONLY,False,12m_anchor_plus_compounded_robust_yoy_log_growth,4.0,Escenario condicional basado en crecimiento interanual histórico robusto; no es un forecast validado.
col_c4ce45851ad35a61b8fb1e683c4b52a5,Vertiz Narvarte,Benito Juarez,2026-08,60,2031-08,15371.0,2027-08,22,-7.840831550936233,-4.512029124443028,5.018910661582954,11088.079022793103,12778.997382904266,18697.00994732243,READY,SCENARIO_ONLY,SCENARIO_ONLY,False,12m_anchor_plus_compounded_robust_yoy_log_growth,4.0,Escenario condicional basado en crecimiento interanual histórico robusto; no es un forecast validado.
col_8694171d7ed551d78020504424e7148c,Xoco,Benito Juarez,2026-08,60,2031-08,6249.0,2027-08,26,-8.58870948158813,-2.9917274505946834,5.018910661582954,4363.247872424737,5534.082242245247,7601.172022693245,READY,SCENARIO_ONLY,SCENARIO_ONLY,False,12m_anchor_plus_compounded_robust_yoy_log_growth,4.0,Escenario condicional basado en crecimiento interanual histórico robusto; no es un forecast validado.
col_c00d00bb38f656119c21216810bac6c9,Barrio San Lucas,Coyoacan,2026-08,60,2031-08,1636.0,2027-08,24,1.638799068078356,5.018910661582954,5.018910661582954,1745.9081770658881,1990.0011888503998,1990.0011888503998,READY,SCENARIO_ONLY,SCENARIO_ONLY,False,12m_anchor_plus_compounded_robust_yoy_log_growth,4.0,Escenario condicional basado en crecimiento interanual histórico robusto; no es un forecast validado.
col_bed54b5fa7b155169b5367f26e64ee77,Barrio la Concepcion,Coyoacan,2026-08,60,2031-08,3039.0,2027-08,24,-8.58870948158813,-1.8899490848474199,5.018910661582954,2121.9251535123663,2815.689131398398,3696.585337968438,READY,SCENARIO_ONLY,SCENARIO_ONLY,False,12m_anchor_plus_compounded_robust_yoy_log_growth,4.0,Escenario condicional basado en crecimiento interanual histórico robusto; no es un forecast validado.
col_6573c9286c5a50288130ecf1765ab3b5,Del Carmen,Coyoacan,2026-08,60,2031-08,31379.0,2027-08,29,-8.58870948158813,-4.140188715578663,5.018910661582954,21909.802366589185,26496.308878805074,38168.85532086595,READY,SCENARIO_ONLY,SCENARIO_ONLY,False,12m_anchor_plus_compounded_robust_yoy_log_growth,4.0,Escenario condicional basado en crecimiento interanual histórico robusto; no es un forecast validado.
col_96af67dbdc945131a7e1fb18aab974fa,Parque San Andres,Coyoacan,2026-08,60,2031-08,9539.0,2027-08,24,-2.5994915080182257,3.396244512330404,5.018910661582954,8585.147191329774,10902.394891114138,11603.069278999978,READY,SCENARIO_ONLY,SCENARIO_ONLY,False,12m_anchor_plus_compounded_robust_yoy_log_growth,4.0,Escenario condicional basado en crecimiento interanual histórico robusto; no es un forecast validado.
col_3c107741e9aa5999ac5f00ed40d5deea,San Diego Churubusco,Coyoacan,2026-08,60,2031-08,5707.0,2027-08,21,-4.844497607655507,-0.9929728078215683,5.018910661582954,4678.897149425449,5483.678116858446,6941.892900225692,READY,SCENARIO_ONLY,SCENARIO_ONLY,False,12m_anchor_plus_compounded_robust_yoy_log_growth,4.0,Escenario condicional basado en crecimiento interanual histórico robusto; no es un forecast validado.
col_aaef3bfb4fb259e8ab32bf1eb9404368,San Mateo,Coyoacan,2026-08,60,2031-08,3732.0,2027-08,22,-8.58870948158813,1.222318938693756,5.018910661582954,2605.799497501859,3917.840623506168,4539.538164296878,READY,SCENARIO_ONLY,SCENARIO_ONLY,False,12m_anchor_plus_compounded_robust_yoy_log_growth,4.0,Escenario condicional basado en crecimiento interanual histórico robusto; no es un forecast validado.
col_4b057d99c17f5783822af98b43744780,Santa Catarina,Coyoacan,2026-08,60,2031-08,12170.0,2027-08,22,-8.58870948158813,-8.154654266115834,5.018910661582954,8497.47585332198,8660.0259117351,14803.37070190059,READY,SCENARIO_ONLY,SCENARIO_ONLY,False,12m_anchor_plus_compounded_robust_yoy_log_growth,4.0,Escenario condicional basado en crecimiento interanual histórico robusto; no es un forecast validado.
col_34ef10debc6452f7a37e4eb02f41010f,Villa Coyoacan,Coyoacan,2026-08,60,2031-08,4414.0,2027-08,21,-8.58870948158813,-8.58870948158813,5.018910661582954,3081.993296348662,3081.993296348662,5369.110787032802,READY,SCENARIO_ONLY,SCENARIO_ONLY,False,12m_anchor_plus_compounded_robust_yoy_log_growth,4.0,Escenario condicional basado en crecimiento interanual histórico robusto; no es un forecast validado.
col_6954f4d5482a5e07b5721c81d464cd43,Algarin,Cuauhtemoc,2026-08,60,2031-08,12151.0,2027-08,21,-8.58870948158813,-2.855857881718016,5.018910661582954,8484.209457166424,10821.276407003787,14780.259441149883,READY,SCENARIO_ONLY,SCENARIO_ONLY,False,12m_anchor_plus_compounded_robust_yoy_log_growth,4.0,Escenario condicional basado en crecimiento interanual histórico robusto; no es un forecast validado.
col_8dd63c1e84435db49a927bcd4b149776,Atlampa,Cuauhtemoc,2026-08,60,2031-08,8080.0,2027-08,26,-8.58870948158813,-7.2224605788662295,5.018910661582954,5641.709522994379,5986.634745641108,9828.36772977459,READY,SCENARIO_ONLY,SCENARIO_ONLY,False,12m_anchor_plus_compounded_robust_yoy_log_growth,4.0,Escenario condicional basado en crecimiento interanual histórico robusto; no es un forecast validado.
col_af634a3d6a0956f8930194b36da1dbde,Buenavista,Cuauhtemoc,2026-08,60,2031-08,61480.0,2027-08,30,-8.58870948158813,-8.58870948158813,5.018910661582954,42927.265033873075,42927.265033873075,74783.17426071063,READY,SCENARIO_ONLY,SCENARIO_ONLY,False,12m_anchor_plus_compounded_robust_yoy_log_growth,4.0,Escenario condicional basado en crecimiento interanual histórico robusto; no es un forecast validado.
col_e56a7334b36e5ca6841813031c3b8d2b,Centro,Cuauhtemoc,2026-08,60,2031-08,145059.0,2027-08,30,-8.58870948158813,-6.797746831906338,5.018910661582954,101284.7452594111,109458.70998152443,176447.1775387837,READY,SCENARIO_ONLY,SCENARIO_ONLY,False,12m_anchor_plus_compounded_robust_yoy_log_growth,4.0,Escenario condicional basado en crecimiento interanual histórico robusto; no es un forecast validado.
col_5176ae04e5c95d57b5192bbca17b2436,Condesa,Cuauhtemoc,2026-08,60,2031-08,74775.0,2027-08,30,-8.58870948158813,-8.58870948158813,5.018910661582954,52210.25118587929,52210.25118587929,90954.97487548206,READY,SCENARIO_ONLY,SCENARIO_ONLY,False,12m_anchor_plus_compounded_robust_yoy_log_growth,4.0,Escenario condicional basado en crecimiento interanual histórico robusto; no es un forecast validado.
col_76cd2cc2efb657e1a3779dc11ff63e1d,Cuauhtemoc,Cuauhtemoc,2026-08,60,2031-08,148334.0,2027-08,30,-8.58870948158813,-7.0978093007545535,5.018910661582954,103571.453017803,110495.48397664037,180430.82906291884,READY,SCENARIO_ONLY,SCENARIO_ONLY,False,12m_anchor_plus_compounded_robust_yoy_log_growth,4.0,Escenario condicional basado en crecimiento interanual histórico robusto; no es un forecast validado.
col_eb93b25ca61954fa8e9ee2ca2ca57f16,Doctores,Cuauhtemoc,2026-08,60,2031-08,78646.0,2027-08,30,-8.58870948158813,-1.0222394368092802,5.018910661582954,54913.10484472969,75479.17289608449,95663.59015790254,READY,SCENARIO_ONLY,SCENARIO_ONLY,False,12m_anchor_plus_compounded_robust_yoy_log_growth,4.0,Escenario condicional basado en crecimiento interanual histórico robusto; no es un forecast validado.
col_5322fef4c1c650588d41946f956ec97e,Hipodromo,Cuauhtemoc,2026-08,60,2031-08,117310.0,2027-08,30,-8.58870948158813,-8.58870948158813,5.018910661582954,81909.52278990972,81909.52278990972,142693.78940344768,READY,SCENARIO_ONLY,SCENARIO_ONLY,False,12m_anchor_plus_compounded_robust_yoy_log_growth,4.0,Escenario condicional basado en crecimiento interanual histórico robusto; no es un forecast validado.
col_77126fcee0bf5162978113f718dc8420,Hipodromo Condesa,Cuauhtemoc,2026-08,60,2031-08,26857.0,2027-08,30,-8.58870948158813,-8.58870948158813,5.018910661582954,18752.400081566837,18752.400081566837,32668.375262197547,READY,SCENARIO_ONLY,SCENARIO_ONLY,False,12m_anchor_plus_compounded_robust_yoy_log_growth,4.0,Escenario condicional basado en crecimiento interanual histórico robusto; no es un forecast validado.
col_b9647cb13b4b5ebebd069fd56e70a36f,Juarez,Cuauhtemoc,2026-08,60,2031-08,180805.0,2027-08,30,-8.58870948158813,-7.816626281351368,5.018910661582954,126243.72404764836,130563.21321982962,219927.97368587807,READY,SCENARIO_ONLY,SCENARIO_ONLY,False,12m_anchor_plus_compounded_robust_yoy_log_growth,4.0,Escenario condicional basado en crecimiento interanual histórico robusto; no es un forecast validado.
col_df8f37e24dff550bb52ef711568f9cb7,Obrera,Cuauhtemoc,2026-08,60,2031-08,35687.0,2027-08,22,-6.292434911464095,-0.8972234023624348,5.018910661582954,27517.479643499817,34423.36569730346,43409.0296005527,READY,SCENARIO_ONLY,SCENARIO_ONLY,False,12m_anchor_plus_compounded_robust_yoy_log_growth,4.0,Escenario condicional basado en crecimiento interanual histórico robusto; no es un forecast validado.
col_9b8d9872383b59f7a23d22ab97fc79d8,Roma Norte,Cuauhtemoc,2026-08,60,2031-08,257318.0,2027-08,30,-8.58870948158813,-8.123932364774145,5.018910661582954,179667.5013660727,183349.51367563242,312997.0207289775,READY,SCENARIO_ONLY,SCENARIO_ONLY,False,12m_anchor_plus_compounded_robust_yoy_log_growth,4.0,Escenario condicional basado en crecimiento interanual histórico robusto; no es un forecast validado.
col_a20da3b32dc95373bfc155a68e4197fa,Roma Sur,Cuauhtemoc,2026-08,60,2031-08,95674.0,2027-08,30,-8.58870948158813,-5.713857736002492,5.018910661582954,66802.58872561438,75611.07262295765,116376.14531911562,READY,SCENARIO_ONLY,SCENARIO_ONLY,False,12m_anchor_plus_compounded_robust_yoy_log_growth,4.0,Escenario condicional basado en crecimiento interanual histórico robusto; no es un forecast validado.
col_ffeedd6a32945225b84ecc416148dd76,San Rafael,Cuauhtemoc,2026-08,60,2031-08,74142.0,2027-08,30,-8.58870948158813,-4.09523564763794,5.018910661582954,51768.27072448629,62722.74077715151,90185.00497784006,READY,SCENARIO_ONLY,SCENARIO_ONLY,False,12m_anchor_plus_compounded_robust_yoy_log_growth,4.0,Escenario condicional basado en crecimiento interanual histórico robusto; no es un forecast validado.
col_bd478b6a570f533f803bd0118bf3f055,Santa Maria la Ribera,Cuauhtemoc,2026-08,60,2031-08,101201.0,2027-08,30,-6.295334664053498,-0.022520106531909168,5.018910661582954,78024.26022433283,101109.8684980994,123099.08943328197,READY,SCENARIO_ONLY,SCENARIO_ONLY,False,12m_anchor_plus_compounded_robust_yoy_log_growth,4.0,Escenario condicional basado en crecimiento interanual histórico robusto; no es un forecast validado.
col_0f6878a834535080af77fae943ae9b95,Tabacalera,Cuauhtemoc,2026-08,60,2031-08,50284.0,2027-08,30,-8.58870948158813,-8.12553586529765,5.018910661582954,35109.8665413675,35826.888645625455,61164.55976781999,READY,SCENARIO_ONLY,SCENARIO_ONLY,False,12m_anchor_plus_compounded_robust_yoy_log_growth,4.0,Escenario condicional basado en crecimiento interanual histórico robusto; no es un forecast validado.
col_e38591c35bd05184a3caa0318add5f06,Agricultura,Miguel Hidalgo,2026-08,60,2031-08,13439.0,2027-08,26,-8.58870948158813,0.18641274711039824,5.018910661582954,9383.531470237804,13539.488585549028,16346.959643618902,READY,SCENARIO_ONLY,SCENARIO_ONLY,False,12m_anchor_plus_compounded_robust_yoy_log_growth,4.0,Escenario condicional basado en crecimiento interanual histórico robusto; no es un forecast validado.
col_2d383baad6155258af666ad388181e00,Ampliacion Granada,Miguel Hidalgo,2026-08,60,2031-08,19405.0,2027-08,30,-8.251354929380216,-2.20467153070657,5.018910661582954,13750.303514906824,17749.49846124393,23603.89551934108,READY,SCENARIO_ONLY,SCENARIO_ONLY,False,12m_anchor_plus_compounded_robust_yoy_log_growth,4.0,Escenario condicional basado en crecimiento interanual histórico robusto; no es un forecast validado.
col_49351caf73a652ba8bcc7655ce37dd18,Anahuac,Miguel Hidalgo,2026-08,60,2031-08,34194.0,2027-08,26,-7.793484402988704,-2.6427607666344,5.018910661582954,24717.033731590454,30720.119988569637,41592.971058405,READY,SCENARIO_ONLY,SCENARIO_ONLY,False,12m_anchor_plus_compounded_robust_yoy_log_growth,4.0,Escenario condicional basado en crecimiento interanual histórico robusto; no es un forecast validado.
col_3d725e14185a5c38a7d3e1cda93adc73,Anahuac I Seccion,Miguel Hidalgo,2026-08,60,2031-08,24351.0,2027-08,30,-8.58870948158813,-7.102206627969975,5.018910661582954,17002.63225178665,18135.869975287962,29620.121607393696,READY,SCENARIO_ONLY,SCENARIO_ONLY,False,12m_anchor_plus_compounded_robust_yoy_log_growth,4.0,Escenario condicional basado en crecimiento interanual histórico robusto; no es un forecast validado.
col_926ff32000a751399a54daad7479254d,Anzures,Miguel Hidalgo,2026-08,60,2031-08,32710.0,2027-08,30,-8.58870948158813,-5.098547161728872,5.018910661582954,22839.14832885472,26532.122167584166,39787.859955560256,READY,SCENARIO_ONLY,SCENARIO_ONLY,False,12m_anchor_plus_compounded_robust_yoy_log_growth,4.0,Escenario condicional basado en crecimiento interanual histórico robusto; no es un forecast validado.
col_a4784e1d94d556b3b35e2f91d799fbf4,Bosque de Chapultepec,Miguel Hidalgo,2026-08,60,2031-08,32302.0,2027-08,30,-8.58870948158813,-5.626768504721968,5.018910661582954,22554.26992719857,25622.689741036145,39291.57604049243,READY,SCENARIO_ONLY,SCENARIO_ONLY,False,12m_anchor_plus_compounded_robust_yoy_log_growth,4.0,Escenario condicional basado en crecimiento interanual histórico robusto; no es un forecast validado.
col_6e932760ad7e5318b2922fea188ea3f8,Cuauhtemoc Pensil,Miguel Hidalgo,2026-08,60,2031-08,7216.0,2027-08,30,-8.198167135072199,1.9485994572662868,5.018910661582954,5125.095156182076,7795.098013557195,8777.413556689784,READY,SCENARIO_ONLY,SCENARIO_ONLY,False,12m_anchor_plus_compounded_robust_yoy_log_growth,4.0,Escenario condicional basado en crecimiento interanual histórico robusto; no es un forecast validado.
col_f1b446f58ae65b7f8a814bab39bf17dc,Escandon,Miguel Hidalgo,2026-08,60,2031-08,68831.0,2027-08,30,-8.58870948158813,-5.368939421517027,5.018910661582954,48059.96388332006,55197.43657078034,83724.7994069449,READY,SCENARIO_ONLY,SCENARIO_ONLY,False,12m_anchor_plus_compounded_robust_yoy_log_growth,4.0,Escenario condicional basado en crecimiento interanual histórico robusto; no es un forecast validado.
col_b0d667d100335a2cbd38dd885b4a49ae,Granada,Miguel Hidalgo,2026-08,60,2031-08,24980.0,2027-08,30,-8.58870948158813,-2.6671662667850704,5.018910661582954,17441.819787673216,22419.705536248748,30385.225976456593,READY,SCENARIO_ONLY,SCENARIO_ONLY,False,12m_anchor_plus_compounded_robust_yoy_log_growth,4.0,Escenario condicional basado en crecimiento interanual histórico robusto; no es un forecast validado.
col_d230756d48c258b4b050767d29182a80,Irrigacion,Miguel Hidalgo,2026-08,60,2031-08,7159.0,2027-08,30,-8.58870948158813,-1.2881454058997877,5.018910661582954,4998.638425138212,6797.193107900159,8708.07977443766,READY,SCENARIO_ONLY,SCENARIO_ONLY,False,12m_anchor_plus_compounded_robust_yoy_log_growth,4.0,Escenario condicional basado en crecimiento interanual histórico robusto; no es un forecast validado.
col_296d6268c64b5552821a2eebfad2256f,Lomas de Chapultepec Seccion III,Miguel Hidalgo,2026-08,60,2031-08,5572.0,2027-08,30,-8.58870948158813,5.018910661582954,5.018910661582954,3890.5452304609753,6777.681310681191,6777.681310681191,READY,SCENARIO_ONLY,SCENARIO_ONLY,False,12m_anchor_plus_compounded_robust_yoy_log_growth,4.0,Escenario condicional basado en crecimiento interanual histórico robusto; no es un forecast validado.
col_bbdf83c90b8d5945967637dfe673bde4,Lomas de Chapultepec Seccion IV/Lomas Virreyes,Miguel Hidalgo,2026-08,60,2031-08,3839.0,2027-08,30,-8.246666340037423,5.018910661582954,5.018910661582954,2720.8557745991347,4669.691053787705,4669.691053787705,READY,SCENARIO_ONLY,SCENARIO_ONLY,False,12m_anchor_plus_compounded_robust_yoy_log_growth,4.0,Escenario condicional basado en crecimiento interanual histórico robusto; no es un forecast validado.
col_333380f5322950cf9a22ac2947f13767,Lomas de Chapultepec Seccion V,Miguel Hidalgo,2026-08,60,2031-08,3353.0,2027-08,30,-4.337127647731487,5.018910661582954,5.018910661582954,2808.0654139533485,4078.5293314275004,4078.5293314275004,READY,SCENARIO_ONLY,SCENARIO_ONLY,False,12m_anchor_plus_compounded_robust_yoy_log_growth,4.0,Escenario condicional basado en crecimiento interanual histórico robusto; no es un forecast validado.
col_7f4389bc274355ffaf821a5f6d5a33f1,Mariano Escobedo,Miguel Hidalgo,2026-08,60,2031-08,7962.0,2027-08,30,-5.701328577847842,1.7253843653320944,5.018910661582954,6295.70643885312,8525.886193185626,9684.834636691248,READY,SCENARIO_ONLY,SCENARIO_ONLY,False,12m_anchor_plus_compounded_robust_yoy_log_growth,4.0,Escenario condicional basado en crecimiento interanual histórico robusto; no es un forecast validado.
col_76d47b3676925748aa9d3dee653c6562,Modelo Pensil,Miguel Hidalgo,2026-08,60,2031-08,5192.0,2027-08,30,0.547828121862759,5.018910661582954,5.018910661582954,5306.711283805305,6315.456095667039,6315.456095667039,READY,SCENARIO_ONLY,SCENARIO_ONLY,False,12m_anchor_plus_compounded_robust_yoy_log_growth,4.0,Escenario condicional basado en crecimiento interanual histórico robusto; no es un forecast validado.
col_d40150e91a0457b18f3ac9b3be178bdc,Molino del Rey,Miguel Hidalgo,2026-08,60,2031-08,3981.0,2027-08,30,-8.58870948158813,-1.354252926856947,5.018910661582954,2779.659110277305,3769.6900421370424,4842.417318345624,READY,SCENARIO_ONLY,SCENARIO_ONLY,False,12m_anchor_plus_compounded_robust_yoy_log_growth,4.0,Escenario condicional basado en crecimiento interanual histórico robusto; no es un forecast validado.
col_19663fbe37bd50ee8eff60a93705eb35,Nextitla,Miguel Hidalgo,2026-08,60,2031-08,5344.0,2027-08,25,-8.58870948158813,5.018910661582954,5.018910661582954,3731.348476594302,6500.3461816726995,6500.3461816726995,READY,SCENARIO_ONLY,SCENARIO_ONLY,False,12m_anchor_plus_compounded_robust_yoy_log_growth,4.0,Escenario condicional basado en crecimiento interanual histórico robusto; no es un forecast validado.
col_2006d9e5f6975534a01a4ae3d0063ec1,Plutarco Elias Calles,Miguel Hidalgo,2026-08,60,2031-08,6671.0,2027-08,25,-8.58870948158813,0.8639689676452456,5.018910661582954,4657.901513353404,6904.546435347063,8114.4852877879075,READY,SCENARIO_ONLY,SCENARIO_ONLY,False,12m_anchor_plus_compounded_robust_yoy_log_growth,4.0,Escenario condicional basado en crecimiento interanual histórico robusto; no es un forecast validado.
col_43db8a95c872541680d0688e731fe141,Polanco,Miguel Hidalgo,2026-08,60,2031-08,189646.0,2027-08,30,-8.58870948158813,-3.156041937656473,5.018910661582954,132416.7876482416,166814.50492937863,230682.00822782575,READY,SCENARIO_ONLY,SCENARIO_ONLY,False,12m_anchor_plus_compounded_robust_yoy_log_growth,4.0,Escenario condicional basado en crecimiento interanual histórico robusto; no es un forecast validado.
col_cda58c28c9e35bd7b4c277287cc632da,Polanco Seccion I/ Los Morales,Miguel Hidalgo,2026-08,60,2031-08,4056.0,2027-08,30,-8.58870948158813,-3.5658559899383935,5.018910661582954,2832.026463522921,3507.6904935263065,4933.64597920368,READY,SCENARIO_ONLY,SCENARIO_ONLY,False,12m_anchor_plus_compounded_robust_yoy_log_growth,4.0,Escenario condicional basado en crecimiento interanual histórico robusto; no es un forecast validado.
col_92cd6e3f23155eedb10936246b2da76c,Popotla,Miguel Hidalgo,2026-08,60,2031-08,15999.0,2027-08,25,-8.58870948158813,-5.297115593146828,5.018910661582954,11171.003794354836,12869.025611680649,19460.897934240555,READY,SCENARIO_ONLY,SCENARIO_ONLY,False,12m_anchor_plus_compounded_robust_yoy_log_growth,4.0,Escenario condicional basado en crecimiento interanual histórico robusto; no es un forecast validado.
col_62bb8f5cf8d25a898a34208ad6dee465,San Miguel Chapultepec,Miguel Hidalgo,2026-08,60,2031-08,46224.0,2027-08,30,-4.638030045142139,5.018910661582954,5.018910661582954,38226.838387881064,56226.04826003721,56226.04826003721,READY,SCENARIO_ONLY,SCENARIO_ONLY,False,12m_anchor_plus_compounded_robust_yoy_log_growth,4.0,Escenario condicional basado en crecimiento interanual histórico robusto; no es un forecast validado.
col_c84c8cba11e05de082c7496795578d88,Santo Tomas,Miguel Hidalgo,2026-08,60,2031-08,1805.0,2027-08,25,-8.58870948158813,0.5112184038625456,5.018910661582954,1260.3076347778285,1842.1939704422728,2195.56977131722,READY,SCENARIO_ONLY,SCENARIO_ONLY,False,12m_anchor_plus_compounded_robust_yoy_log_growth,4.0,Escenario condicional basado en crecimiento interanual histórico robusto; no es un forecast validado.
col_de2ee5e1ae0955e6845ef669ea127a75,Tacuba,Miguel Hidalgo,2026-08,60,2031-08,6479.0,2027-08,25,-6.577233654597547,1.2619143509195796,5.018910661582954,4935.360400640072,6812.280369820341,7880.939915991284,READY,SCENARIO_ONLY,SCENARIO_ONLY,False,12m_anchor_plus_compounded_robust_yoy_log_growth,4.0,Escenario condicional basado en crecimiento interanual histórico robusto; no es un forecast validado.
col_39b7c034d6a15d22952ae31d1eab536a,Tlaxpana,Miguel Hidalgo,2026-08,60,2031-08,17876.0,2027-08,25,-3.7628053585500365,4.357415675937393,5.018910661582954,15333.530610518865,21201.35453435951,21744.04721998151,READY,SCENARIO_ONLY,SCENARIO_ONLY,False,12m_anchor_plus_compounded_robust_yoy_log_growth,4.0,Escenario condicional basado en crecimiento interanual histórico robusto; no es un forecast validado.
col_fb144842ece557ce8e184ba17ea11743,Un Hogar para Nosotros,Miguel Hidalgo,2026-08,60,2031-08,2794.0,2027-08,25,-8.58870948158813,-8.331332533013203,5.018910661582954,1950.8584662433534,1972.9227241015442,3398.5717124987877,READY,SCENARIO_ONLY,SCENARIO_ONLY,False,12m_anchor_plus_compounded_robust_yoy_log_growth,4.0,Escenario condicional basado en crecimiento interanual histórico robusto; no es un forecast validado.
col_6f85f8cb1357503bae86559c4ab47194,Veronica Anzures,Miguel Hidalgo,2026-08,60,2031-08,14050.0,2027-08,30,-8.58870948158813,-1.0234970621894046,5.018910661582954,9810.150841345423,13483.565364579923,17090.169134075866,READY,SCENARIO_ONLY,SCENARIO_ONLY,False,12m_anchor_plus_compounded_robust_yoy_log_growth,4.0,Escenario condicional basado en crecimiento interanual histórico robusto; no es un forecast validado.
