colonia,alcaldia,horizonte_anios,prediccion_p50,prediccion_p10,prediccion_p90,categoria_proyectada
Acacias,Benito Juarez,1,-0.1837368039927586,-0.18953150777159558,-0.1805996509255934,Estable
Acacias,Benito Juarez,3,-0.18036263993541438,-0.20649517543275864,-0.164409198356282,Estable
Acacias,Benito Juarez,5,-0.18107774326280482,-0.2072495092041296,-0.1556872103848862,Estable
Actipan,Benito Juarez,1,-0.14572786659097176,-0.14096586871069222,-0.14008047671742666,Estable
Actipan,Benito Juarez,3,-0.14765707883882961,-0.15792910200310664,-0.12938122992955792,Estable
Actipan,Benito Juarez,5,-0.1483721821662201,-0.15894553687856766,-0.1192103487586777,Estable
Agricola,Alvaro Obregon,1,-0.29311105349096084,-0.2899836525760106,-0.28111101747380496,Estable
Agricola,Alvaro Obregon,3,-0.2825537707116793,-0.2815890224961836,-0.27275364295992427,Estable
Agricola,Alvaro Obregon,5,-0.2825537707116793,-0.28188604840930725,-0.26770090192700435,Estable
Agricultura,Miguel Hidalgo,1,-0.09374745192760524,-0.12211691651222753,-0.08068861724188299,Estable
Agricultura,Miguel Hidalgo,3,-0.08728223260391249,-0.1002267507541643,-0.0879944292854098,Estable
Agricultura,Miguel Hidalgo,5,-0.08728223260391249,-0.09165838569608248,-0.08934695003933243,Estable
Alamos,Benito Juarez,1,0.0524590853242805,0.008928116486363078,0.08913455188642143,Estable
Alamos,Benito Juarez,3,0.06272464076694587,0.032428829788682584,0.07573357691975792,Estable
Alamos,Benito Juarez,5,0.06251242295134368,0.042295443542869356,0.07411610351936747,Estable
Algarin,Cuauhtemoc,1,-0.13273406783209502,-0.12267331041783157,-0.004303190781639345,Estable
Algarin,Cuauhtemoc,3,-0.14129147348365773,-0.10791710467659153,-0.028807266957870753,Estable
Algarin,Cuauhtemoc,5,-0.1416410939226868,-0.10414973223385207,-0.03100332136957285,Estable
Americas Unidas,Benito Juarez,1,-0.18713096007727603,-0.19391559334674974,-0.17272605470680713,Estable
Americas Unidas,Benito Juarez,3,-0.18605198796080627,-0.18879515447991496,-0.1715258159754073,Estable
Americas Unidas,Benito Juarez,5,-0.1866138262154375,-0.18919050107106306,-0.16295745091732547,Estable
Ampliacion Granada,Miguel Hidalgo,1,-0.10918326575415976,-0.13887147570456054,-0.0958728021192139,Estable
Ampliacion Granada,Miguel Hidalgo,3,-0.09103714136011327,-0.11356239094653721,-0.09928143785473727,Estable
Ampliacion Granada,Miguel Hidalgo,5,-0.09086927971923749,-0.10890113255240683,-0.10012692718086173,Estable
Ampliacion Napoles,Benito Juarez,1,-0.1853355292969215,-0.17866678905456204,-0.17648296071059644,Estable
Ampliacion Napoles,Benito Juarez,3,-0.18224111445616745,-0.19923292312302457,-0.1665529528439852,Estable
Ampliacion Napoles,Benito Juarez,5,-0.1828029527107987,-0.20096885307498202,-0.15786919868049604,Estable
Anahuac,Miguel Hidalgo,1,0.28818653048044673,0.22793430030951772,0.3142407475098789,Estable
Anahuac,Miguel Hidalgo,3,0.30961311896619154,0.25308903092840135,0.2915092422057791,Estable
Anahuac,Miguel Hidalgo,5,0.3092949859554565,0.25650839662283187,0.28855977580264697,Estable
Anahuac I Seccion,Miguel Hidalgo,1,-0.04108221147560659,-0.06755905377692,-0.026195449305800346,Estable
Anahuac I Seccion,Miguel Hidalgo,3,-0.037183026929117714,-0.04257423085643112,-0.039399722599366166,Estable
Anahuac I Seccion,Miguel Hidalgo,5,-0.037183026929117714,-0.04205134085740911,-0.03442405991862419,Estable
Angel Zimbron,Azcapotzalco,1,-0.1977101908623998,-0.20755077675944625,-0.19890983085340264,Estable
Angel Zimbron,Azcapotzalco,3,-0.18820110152986738,-0.20122569443525007,-0.18188740266368414,Estable
Angel Zimbron,Azcapotzalco,5,-0.18752967424728448,-0.20162104102639816,-0.17373723172587716,Estable
Anzures,Miguel Hidalgo,1,0.11012086715061845,0.09075769508596385,0.17639826902638636,Estable
Anzures,Miguel Hidalgo,3,0.11398191613591967,0.107176704701038,0.14219353150281755,Estable
Anzures,Miguel Hidalgo,5,0.11421359222821185,0.11098273409491889,0.14051689110404844,Estable
Atlampa,Cuauhtemoc,1,-0.1540017894965013,-0.20440362816809854,-0.03368536777767197,Estable
Atlampa,Cuauhtemoc,3,-0.16664106139343782,-0.18642159539241737,-0.04545085882207855,Estable
Atlampa,Cuauhtemoc,5,-0.16715765359965784,-0.18127447255416965,-0.047680616518264725,Estable
Axotla,Alvaro Obregon,1,-0.23879192134142813,-0.24311560740522728,-0.23421725966990958,Estable
Axotla,Alvaro Obregon,3,-0.22686685728216535,-0.24330217635126178,-0.21597464884831052,Estable
Axotla,Alvaro Obregon,5,-0.22680304283074895,-0.2437976152502913,-0.21194070104725468,Estable
Barrio San Lucas,Coyoacan,1,-0.2911503934467514,-0.2853109872903348,-0.2807507835410086,Estable
Barrio San Lucas,Coyoacan,3,-0.27935951412944743,-0.2815824824325115,-0.2645398737674295,Estable
Barrio San Lucas,Coyoacan,5,-0.27952648589663837,-0.28187950834563513,-0.25978446872691957,Estable
Barrio la Concepcion,Coyoacan,1,-0.2758789284056934,-0.2787374418057476,-0.2728968688691939,Estable
Barrio la Concepcion,Coyoacan,3,-0.26405018015115683,-0.2817232822256369,-0.2432633085342514,Estable
Barrio la Concepcion,Coyoacan,5,-0.26421715191834777,-0.28202030813876056,-0.23842515622558502,Estable
Bosque de Chapultepec,Miguel Hidalgo,1,0.013164291667973362,-0.0076896099942675615,0.04945421488469842,Estable
Bosque de Chapultepec,Miguel Hidalgo,3,0.01706470440115698,0.0056493997389125954,0.03056075757290498,Estable
Bosque de Chapultepec,Miguel Hidalgo,5,0.017065594274841816,0.012907648596968774,0.027909139314862032,Estable
Buenavista,Cuauhtemoc,1,0.42681825571268234,0.32603727890970224,0.623788111900976,Estable
Buenavista,Cuauhtemoc,3,0.4001418279355684,0.3252605337418185,0.577952818619388,Estable
Buenavista,Cuauhtemoc,5,0.4001418279355684,0.3234885392717762,0.5772909753967322,Estable
Centro,Cuauhtemoc,1,1.5417800193985756,1.354574901018884,1.7900723538843242,Estable
Centro,Cuauhtemoc,3,1.4789884206954416,1.354574901018884,1.7573477910589557,Estable
Centro,Cuauhtemoc,5,1.4789884206954416,1.354574901018884,1.7565992506659278,Estable
Centro Urbano Presidente Aleman,Benito Juarez,1,-0.26911444106198323,-0.2514923984189599,-0.23886590093600918,Estable
Centro Urbano Presidente Aleman,Benito Juarez,3,-0.26725079938469887,-0.2522352975062291,-0.2421778086907796,Estable
Centro Urbano Presidente Aleman,Benito Juarez,5,-0.26718698493328247,-0.25279882005086035,-0.23365887591941215,Estable
Ciudad de los Deportes,Benito Juarez,1,-0.18708602930482437,-0.18218228028458366,-0.15872754900492492,Estable
Ciudad de los Deportes,Benito Juarez,3,-0.1858510006970144,-0.18384611686486343,-0.17293309427225065,Estable
Ciudad de los Deportes,Benito Juarez,5,-0.18621648358537582,-0.18450796008751916,-0.1627239792934638,Estable
Claveria,Azcapotzalco,1,-0.11002700246818824,-0.14096849550890206,-0.10375730061994498,Estable
Claveria,Azcapotzalco,3,-0.1074020842462341,-0.11724980204726865,-0.10473058348760304,Estable
Claveria,Azcapotzalco,5,-0.10717040815394191,-0.10765514236500406,-0.10515277726358378,Estable
Condesa,Cuauhtemoc,1,0.5920239614362095,0.5021312394445765,0.7598156057968206,Estable
Condesa,Cuauhtemoc,3,0.5541314707921907,0.5042615883559268,0.698000757863149,Estable
Condesa,Cuauhtemoc,5,0.5541314707921907,0.5044379935271275,0.696611310401781,Estable
Credito Constructor,Benito Juarez,1,-0.30218536073538677,-0.2897022029015629,-0.24879291216763616,Estable
Credito Constructor,Benito Juarez,3,-0.3014575264933666,-0.2811019585609865,-0.2580504031494283,Estable
Credito Constructor,Benito Juarez,5,-0.3013937120419502,-0.272583025789619,-0.2586139256940596,Estable
Cuauhtemoc,Cuauhtemoc,1,1.4372932289128177,1.3127150273371808,1.569201285444144,Estable
Cuauhtemoc,Cuauhtemoc,3,1.3923997411017595,1.3123346355896688,1.509388197529889,Estable
Cuauhtemoc,Cuauhtemoc,5,1.3923997411017595,1.3123346355896688,1.5089125358128086,Estable
Cuauhtemoc Pensil,Miguel Hidalgo,1,-0.17774332256334582,-0.1974564142599977,-0.17683782112062568,Estable
Cuauhtemoc Pensil,Miguel Hidalgo,3,-0.16725862941077038,-0.17680510609826638,-0.1766920997637628,Estable
Cuauhtemoc Pensil,Miguel Hidalgo,5,-0.16725862941077038,-0.17859095309975906,-0.16872750364735026,Estable
Del Carmen,Coyoacan,1,-0.053514221818406656,-0.07985098558268933,-0.01778420909960083,Estable
Del Carmen,Coyoacan,3,-0.03562921114091127,-0.06082410818053933,-0.011917510836794834,Estable
Del Carmen,Coyoacan,5,-0.03562921114091127,-0.06066444846126613,-0.014131440103153115,Estable
Del Recreo,Azcapotzalco,1,-0.27039203899001923,-0.26724088678070534,-0.2595566010528652,Estable
Del Recreo,Azcapotzalco,3,-0.26163763158523895,-0.267989278608262,-0.2343348413059932,Estable
Del Recreo,Azcapotzalco,5,-0.26198725202426804,-0.26828630452138563,-0.22517382881263132,Estable
Del Valle Centro,Benito Juarez,1,0.07673945371443824,0.050499143726754805,0.09681456308424984,Estable
Del Valle Centro,Benito Juarez,3,0.07723926331240694,0.06279440534387881,0.06313967397617387,Estable
Del Valle Centro,Benito Juarez,5,0.0765556474133105,0.06274022232588235,0.06926178238930769,Estable
Del Valle Norte,Benito Juarez,1,0.4389313922458767,0.37459164921172544,0.44888664935475536,Estable
Del Valle Norte,Benito Juarez,3,0.4418110090484849,0.3891119067380302,0.4274289580244312,Estable
Del Valle Norte,Benito Juarez,5,0.441644037281294,0.39510927945736196,0.42625739262017565,Estable
Del Valle Sur,Benito Juarez,1,0.2766694020984601,0.24085064461899683,0.3048131873876317,Estable
Del Valle Sur,Benito Juarez,3,0.2839935786034781,0.2530128069359927,0.27103210446877185,Estable
Del Valle Sur,Benito Juarez,5,0.28350847382555217,0.25870626322403045,0.2694272128169462,Estable
Del valle Centro,Benito Juarez,1,-0.20828252187865176,-0.2095786185334018,-0.1954517265970557,Estable
Del valle Centro,Benito Juarez,3,-0.200246679298027,-0.2157827301884954,-0.19041066447447244,Estable
Del valle Centro,Benito Juarez,5,-0.20041365106521794,-0.21644457341115111,-0.180610047558242,Estable
Doctores,Cuauhtemoc,1,0.6611764521204029,0.5530893874912788,0.8252498382798799,Estable
Doctores,Cuauhtemoc,3,0.6866689495877748,0.5634270247560152,0.8116306637306425,Estable
Doctores,Cuauhtemoc,5,0.6865019778205838,0.5641705513287985,0.8109406807583133,Estable
Escandon,Miguel Hidalgo,1,0.4564497997169451,0.3940521022639142,0.4879657795265688,Estable
Escandon,Miguel Hidalgo,3,0.4570520173662094,0.4132017028511012,0.48333938048967945,Estable
Escandon,Miguel Hidalgo,5,0.4570520173662094,0.41724626560408873,0.4822019065288269,Estable
Extremadura Insurgentes,Benito Juarez,1,-0.22347406302758865,-0.21692017913415287,-0.18697032786368908,Estable
Extremadura Insurgentes,Benito Juarez,3,-0.21653455603804986,-0.20564846025908942,-0.19713849531498476,Estable
Extremadura Insurgentes,Benito Juarez,5,-0.2167015278052408,-0.20631030348174514,-0.18737611220666098,Estable
Florida,Alvaro Obregon,1,-0.22264037723036081,-0.21538388902607186,-0.15341972294107753,Estable
Florida,Alvaro Obregon,3,-0.20876154260910038,-0.18973964428647133,-0.15534685983372806,Estable
Florida,Alvaro Obregon,5,-0.2092781348153204,-0.18695990665196438,-0.15703438615719628,Estable
General Pedro Maria Anaya,Benito Juarez,1,-0.12610151807040626,-0.14685857368376926,-0.13377382275035302,Estable
General Pedro Maria Anaya,Benito Juarez,3,-0.1327722998271443,-0.14532090908867748,-0.13573270717633784,Estable
General Pedro Maria Anaya,Benito Juarez,5,-0.1333204313873438,-0.14884305922941357,-0.12556182600545765,Estable
Granada,Miguel Hidalgo,1,-0.05032261210138136,-0.08698883566668032,-0.022549998646232625,Estable
Granada,Miguel Hidalgo,3,-0.04150997485596367,-0.06643721471139548,-0.02909138334563277,Estable
Granada,Miguel Hidalgo,5,-0.04150997485596367,-0.058287043773588544,-0.032194516083579934,Estable
Guadalupe Chimalistac,Alvaro Obregon,1,-0.2054497596307941,-0.20745978902415346,-0.20641175991161165,Estable
Guadalupe Chimalistac,Alvaro Obregon,3,-0.19638271423002343,-0.20889413255065514,-0.1824390112274349,Estable
Guadalupe Chimalistac,Alvaro Obregon,5,-0.19673233466905252,-0.2105284979597963,-0.1785770452729831,Estable
Guadalupe Inn,Alvaro Obregon,1,-0.2471460629429236,-0.24904508607361983,-0.23974835869028666,Estable
Guadalupe Inn,Alvaro Obregon,3,-0.23286514452844995,-0.24847118678463243,-0.21743929563215028,Estable
Guadalupe Inn,Alvaro Obregon,5,-0.23286514452844995,-0.24925381862106327,-0.21506576117741036,Estable
Hipodromo,Cuauhtemoc,1,0.8885209488213033,0.8138193636639404,1.0401639488606527,Estable
Hipodromo,Cuauhtemoc,3,0.8459833056141127,0.8167764570136677,1.0000493172387175,Estable
Hipodromo,Cuauhtemoc,5,0.8458163338469217,0.8132736423094671,0.9989118432778652,Estable
Hipodromo Condesa,Cuauhtemoc,1,0.06027248259551815,0.012595911687357752,0.18801650494351554,Estable
Hipodromo Condesa,Cuauhtemoc,3,0.012904489645984007,0.013922771609408125,0.1507828653800269,Estable
Hipodromo Condesa,Cuauhtemoc,5,0.01276979297622994,0.015383581173803527,0.15038103879356415,Estable
Hogar y Seguridad,Azcapotzalco,1,-0.27448632420082925,-0.27494330414185447,-0.26652133335143513,Estable
Hogar y Seguridad,Azcapotzalco,3,-0.26674287050380824,-0.27645625264933954,-0.24265295333961115,Estable
Hogar y Seguridad,Azcapotzalco,5,-0.26725946271002826,-0.2772388844857704,-0.23435833290477492,Estable
Ignacio Allende,Azcapotzalco,1,-0.2607712438998409,-0.26233655046700677,-0.25341669260391664,Estable
Ignacio Allende,Azcapotzalco,3,-0.25344155321884176,-0.26290383318252125,-0.22622940706486044,Estable
Ignacio Allende,Azcapotzalco,5,-0.25293798757713465,-0.2641197912665222,-0.21766104200677863,Estable
Independencia,Benito Juarez,1,-0.19393478166281014,-0.19663319757114292,-0.192824367931571,Estable
Independencia,Benito Juarez,3,-0.19117305586281505,-0.2121051909969081,-0.1739812607628373,Estable
Independencia,Benito Juarez,5,-0.19150410789883895,-0.21358764571241667,-0.16499044699466056,Estable
Insurgentes Mixcoac,Benito Juarez,1,-0.06491901436087044,-0.09685986843278244,0.005733766575140078,Estable
Insurgentes Mixcoac,Benito Juarez,3,-0.05745591185252626,-0.08200449944386459,0.0008156985807367821,Estable
Insurgentes Mixcoac,Benito Juarez,5,-0.05766812966812848,-0.07308059898033753,-0.0002861487516848083,Estable
Insurgentes San Borja,Benito Juarez,1,-0.25110502537310897,-0.2419709837719414,-0.2255854375889245,Estable
Insurgentes San Borja,Benito Juarez,3,-0.2445821729497196,-0.24506663438495788,-0.23175217981718735,Estable
Insurgentes San Borja,Benito Juarez,5,-0.2445183584983032,-0.2457284776076136,-0.22358654529327351,Estable
Irrigacion,Miguel Hidalgo,1,-0.11519351138281761,-0.15254538515499041,-0.043076386735476715,Estable
Irrigacion,Miguel Hidalgo,3,-0.10993254436483733,-0.1326258248945037,-0.04763322696011253,Estable
Irrigacion,Miguel Hidalgo,5,-0.10926111708225446,-0.12311699996218631,-0.04756634484729148,Estable
Josefa Ortiz de Dominguez,Benito Juarez,1,-0.22531984421774284,-0.23302648946277588,-0.20602221257158485,Estable
Josefa Ortiz de Dominguez,Benito Juarez,3,-0.21221242835862483,-0.22140765975075777,-0.21744281279519326,Estable
Josefa Ortiz de Dominguez,Benito Juarez,5,-0.21214861390720838,-0.2221762539033487,-0.20784815311292876,Estable
Juarez,Cuauhtemoc,1,1.4638794372726516,1.354574901018884,1.5789520498500398,Estable
Juarez,Cuauhtemoc,3,1.422276854285809,1.354574901018884,1.5162356855897516,Estable
Juarez,Cuauhtemoc,5,1.422276854285809,1.354574901018884,1.5136742044635088,Estable
Letran Valle,Benito Juarez,1,-0.19226810908867586,-0.20870766399273777,-0.18940070817108434,Estable
Letran Valle,Benito Juarez,3,-0.1838509611243161,-0.2040196837784993,-0.19059147134391505,Estable
Letran Valle,Benito Juarez,5,-0.18401793289150703,-0.20491593475573516,-0.18092989835700085,Estable
Lomas de Chapultepec Seccion III,Miguel Hidalgo,1,-0.24934035319364037,-0.25351342126546167,-0.23769238639591134,Estable
Lomas de Chapultepec Seccion III,Miguel Hidalgo,3,-0.23839949257021878,-0.2379799321293308,-0.23636320294477114,Estable
Lomas de Chapultepec Seccion III,Miguel Hidalgo,5,-0.23839949257021878,-0.24063155038737372,-0.22737238917659444,Estable
Lomas de Chapultepec Seccion IV/Lomas Virreyes,Miguel Hidalgo,1,-0.2542362524161052,-0.25954873047213295,-0.25683272130431545,Estable
Lomas de Chapultepec Seccion IV/Lomas Virreyes,Miguel Hidalgo,3,-0.24500525916488544,-0.25301926990108037,-0.24188752713687642,Estable
Lomas de Chapultepec Seccion IV/Lomas Virreyes,Miguel Hidalgo,5,-0.24500525916488544,-0.2553983183573917,-0.232767365497102,Estable
Lomas de Chapultepec Seccion V,Miguel Hidalgo,1,-0.26819816684240483,-0.2667468318912315,-0.2584867916347063,Estable
Lomas de Chapultepec Seccion V,Miguel Hidalgo,3,-0.26185637575206316,-0.2547376071700574,-0.2509738409229118,Estable
Lomas de Chapultepec Seccion V,Miguel Hidalgo,5,-0.26185637575206316,-0.2566310497030615,-0.2410151966383406,Estable
Mariano Escobedo,Miguel Hidalgo,1,-0.22912295278797,-0.2349991630875684,-0.22536889101360094,Estable
Mariano Escobedo,Miguel Hidalgo,3,-0.21845311281323132,-0.22949784719572802,-0.20670596415471276,Estable
Mariano Escobedo,Miguel Hidalgo,5,-0.21845311281323132,-0.2313912897287321,-0.19757547812076054,Estable
Modelo Pensil,Miguel Hidalgo,1,-0.2374857718494297,-0.22524708540203034,-0.17464429993358496,Estable
Modelo Pensil,Miguel Hidalgo,3,-0.2273570009529771,-0.20412962011644348,-0.17328102058396916,Estable
Modelo Pensil,Miguel Hidalgo,5,-0.2272931865015607,-0.19597944917863652,-0.17404961473656008,Estable
Molino del Rey,Miguel Hidalgo,1,-0.5522889905932078,-0.5624587936755692,-0.33554770976791093,Estable
Molino del Rey,Miguel Hidalgo,3,-0.5394002139743816,-0.5452797947562917,-0.3359725978085581,Estable
Molino del Rey,Miguel Hidalgo,5,-0.5395671857415727,-0.535663783929558,-0.3359725978085581,Estable
Napoles,Benito Juarez,1,0.1091469003071259,0.07913214650183002,0.3309795311866115,Estable
Napoles,Benito Juarez,3,0.10567645262181252,0.09180811027729698,0.308687475636578,Estable
Napoles,Benito Juarez,5,0.10511461436718128,0.09843068005518572,0.30711667542815535,Estable
Narvarte,Benito Juarez,1,0.31493547762936386,0.2666752212854491,0.3560147608276127,Estable
Narvarte,Benito Juarez,3,0.32825899467918607,0.28015867887739365,0.34634922435886295,Estable
Narvarte,Benito Juarez,5,0.32774240247296615,0.28539401670884945,0.3452117503980104,Estable
Narvarte Poniente,Benito Juarez,1,0.28463151858252983,0.24630407039385113,0.31214383543989377,Estable
Narvarte Poniente,Benito Juarez,3,0.2742743702247185,0.25479677999539724,0.26454417772192906,Estable
Narvarte Poniente,Benito Juarez,5,0.2741073984575276,0.2593115856523478,0.26401363591925864,Estable
Nextitla,Miguel Hidalgo,1,-0.22053126652690255,-0.23482384762857428,-0.22056771547866394,Estable
Nextitla,Miguel Hidalgo,3,-0.2101256740885952,-0.24210591112292726,-0.20035784105188228,Estable
Nextitla,Miguel Hidalgo,5,-0.20962210844688808,-0.24470912909278605,-0.1905954579435585,Estable
Niños Heroes de Chapultepec,Benito Juarez,1,-0.16817655724369016,-0.1725279487979009,-0.17143594416820018,Estable
Niños Heroes de Chapultepec,Benito Juarez,3,-0.16501480069119026,-0.18795934847700194,-0.14919473356884366,Estable
Niños Heroes de Chapultepec,Benito Juarez,5,-0.1653006066788029,-0.1894418031925105,-0.14023259929740994,Estable
Noche Buena,Benito Juarez,1,-0.2599436882502736,-0.2563877419842039,-0.23292375753544722,Estable
Noche Buena,Benito Juarez,3,-0.2589526187959668,-0.2526919183509717,-0.24534797405271944,Estable
Noche Buena,Benito Juarez,5,-0.2588888043445504,-0.253255440895603,-0.23635716028454265,Estable
Nonoalco,Benito Juarez,1,-0.17564156648216878,-0.18265588260450585,-0.17914313011648061,Estable
Nonoalco,Benito Juarez,3,-0.17593552429140716,-0.19864773236939043,-0.16309845500780412,Estable
Nonoalco,Benito Juarez,5,-0.17626657632743106,-0.19923084099728136,-0.15458242427037422,Estable
Nueva Santa Maria,Azcapotzalco,1,-0.19210847928561628,-0.2044249652258653,-0.19639972884658005,Estable
Nueva Santa Maria,Azcapotzalco,3,-0.18245518007948128,-0.20032215344364745,-0.176656184966966,Estable
Nueva Santa Maria,Azcapotzalco,5,-0.18280391064482546,-0.2006924244798199,-0.16828676261074815,Estable
Obrera,Cuauhtemoc,1,0.19458455843681796,0.15360454039439303,0.6605044070958069,Estable
Obrera,Cuauhtemoc,3,0.18118690940271542,0.1645408241697019,0.6316717795678148,Estable
Obrera,Cuauhtemoc,5,0.18118690940271542,0.16765274875881495,0.6295436246891414,Estable
Obrero Popular,Azcapotzalco,1,-0.28675794041480246,-0.2812482624788054,-0.28111101747380496,Estable
Obrero Popular,Azcapotzalco,3,-0.2773286756160342,-0.2815890224961836,-0.25530324451402725,Estable
Obrero Popular,Azcapotzalco,5,-0.27749564738322513,-0.28188604840930725,-0.2498943585963324,Estable
Parque San Andres,Coyoacan,1,-0.21233312452835446,-0.21610271072517143,-0.20914694579538107,Estable
Parque San Andres,Coyoacan,3,-0.2042166844533752,-0.20975473733298783,-0.19118113065248027,Estable
Parque San Andres,Coyoacan,5,-0.2042166844533752,-0.21017693110896857,-0.18992036696131973,Estable
Piedad Narvarte,Benito Juarez,1,-0.18288638748124283,-0.18817608768426722,-0.1708926529493939,Estable
Piedad Narvarte,Benito Juarez,3,-0.17870118710100955,-0.20491464697264056,-0.1538189694617405,Estable
Piedad Narvarte,Benito Juarez,5,-0.17898699308862212,-0.20547816951727182,-0.14469619077628518,Estable
Plutarco Elias Calles,Miguel Hidalgo,1,-0.24702919921915398,-0.24427461569740713,-0.2391019393016724,Estable
Plutarco Elias Calles,Miguel Hidalgo,3,-0.23654410456402056,-0.24872488572300078,-0.23011632984141714,Estable
Plutarco Elias Calles,Miguel Hidalgo,5,-0.2367110763312115,-0.2501281681280348,-0.22115419556998345,Estable
Polanco,Miguel Hidalgo,1,1.207562556763195,1.0747190811755825,1.2826848159302724,Estable
Polanco,Miguel Hidalgo,3,1.2387909225174432,1.0881512566146094,1.266514787739302,Estable
Polanco,Miguel Hidalgo,5,1.2387909225174432,1.0907522867107535,1.2653773137784494,Estable
Polanco Seccion I/ Los Morales,Miguel Hidalgo,1,-0.26971610292375287,-0.2680133219638025,-0.25697038397779604,Estable
Polanco Seccion I/ Los Morales,Miguel Hidalgo,3,-0.2618491859806251,-0.2548327356463012,-0.25322119951314714,Estable
Polanco Seccion I/ Los Morales,Miguel Hidalgo,5,-0.26201615774781606,-0.25511464204615125,-0.24587060137486746,Estable
Popotla,Miguel Hidalgo,1,-0.09984568695532542,-0.12899027631476062,-0.011252994067442302,Estable
Popotla,Miguel Hidalgo,3,-0.08951020200453182,-0.10937270605284112,-0.023515930842272388,Estable
Popotla,Miguel Hidalgo,5,-0.08950931213084698,-0.10044880558931407,-0.02429856267870325,Estable
Portales,Benito Juarez,1,0.3439264090641996,0.2895295974976222,0.42182393057923573,Estable
Portales,Benito Juarez,3,0.37033317524818277,0.3006849806372529,0.39584473693697975,Estable
Portales,Benito Juarez,5,0.37012095743258056,0.3059203184687087,0.39381490273633085,Estable
Portales Norte,Benito Juarez,1,-0.2052133016302926,-0.1972510087442954,-0.18108252144981546,Estable
Portales Norte,Benito Juarez,3,-0.2009313453029226,-0.2029605489619827,-0.18198825891062362,Estable
Portales Norte,Benito Juarez,5,-0.20109831707011352,-0.20352407150661397,-0.17202961462605237,Estable
Postal,Benito Juarez,1,-0.1977738446651378,-0.20287031838824093,-0.2023865831581821,Estable
Postal,Benito Juarez,3,-0.1926745195226867,-0.2188718941758162,-0.17869707695127177,Estable
Postal,Benito Juarez,5,-0.1930055715587106,-0.21992102264375468,-0.17003895009293168,Estable
Residencial Emperadores,Benito Juarez,1,-0.27963368662134047,-0.2687928539043026,-0.24574025594181526,Estable
Residencial Emperadores,Benito Juarez,3,-0.27661038114110004,-0.25880544240865055,-0.2548593733565411,Estable
Residencial Emperadores,Benito Juarez,5,-0.27654656668968364,-0.25936896495328177,-0.24557977811382362,Estable
Roma Norte,Cuauhtemoc,1,2.262244239131518,1.354574901018884,2.5304687543695237,Estable
Roma Norte,Cuauhtemoc,3,2.228372120655458,1.354574901018884,2.5442875393011732,Estable
Roma Norte,Cuauhtemoc,5,2.228372120655458,1.354574901018884,2.5435389989081454,Estable
Roma Sur,Cuauhtemoc,1,0.7177253307210268,0.6176949911039809,0.8333421813201848,Estable
Roma Sur,Cuauhtemoc,3,0.6775798646761816,0.6256465187508957,0.7973562647369471,Estable
Roma Sur,Cuauhtemoc,5,0.6770947598982555,0.6256545422474953,0.7956941296983213,Estable
San Alvaro,Azcapotzalco,1,-0.21409983248803674,-0.21297235402885203,-0.21262986046588428,Estable
San Alvaro,Azcapotzalco,3,-0.20449248716342086,-0.21398760190926117,-0.1917645730382709,Estable
San Alvaro,Azcapotzalco,5,-0.20442867271200446,-0.2147561960618521,-0.18319620798018907,Estable
San Angel,Alvaro Obregon,1,-0.3270434697633444,-0.3265423542295764,-0.22720114724474455,Estable
San Angel,Alvaro Obregon,3,-0.3139383706051202,-0.30460613973323636,-0.2288705408718856,Estable
San Angel,Alvaro Obregon,5,-0.31410534237231114,-0.29951876426752,-0.22916756678500924,Estable
San Diego Churubusco,Coyoacan,1,-0.22460489095989922,-0.229409367650816,-0.2267119234923888,Estable
San Diego Churubusco,Coyoacan,3,-0.2142958288633758,-0.23105165874018205,-0.19928323280951218,Estable
San Diego Churubusco,Coyoacan,5,-0.21379226322166875,-0.23199181869384622,-0.19557777721709368,Estable
San Jose Insurgentes,Benito Juarez,1,-0.1118419339026445,-0.11228088193519967,-0.04311006757144817,Estable
San Jose Insurgentes,Benito Juarez,3,-0.10490208752577587,-0.09168822243109415,-0.05632245970526623,Estable
San Jose Insurgentes,Benito Juarez,5,-0.10511430534137807,-0.08209356274882963,-0.05619482188166806,Estable
San Mateo,Coyoacan,1,-0.23221122038998618,-0.22832772743527993,-0.227889450701571,Estable
San Mateo,Coyoacan,3,-0.22302898579192812,-0.22841580447697551,-0.2060083092508195,Estable
San Mateo,Coyoacan,5,-0.2225892346016374,-0.22871283039009915,-0.20185427482527118,Estable
San Miguel Chapultepec,Miguel Hidalgo,1,0.0822996473283219,0.0321624489965175,0.13103238597980424,Estable
San Miguel Chapultepec,Miguel Hidalgo,3,0.1004741247774696,0.059096146538793824,0.13319844955058638,Estable
San Miguel Chapultepec,Miguel Hidalgo,5,0.1004741247774696,0.06777198521451229,0.13332977810271593,Estable
San Pedro de los Pinos,Benito Juarez,1,0.07545692568092452,0.06320326123736102,0.09709411090259354,Estable
San Pedro de los Pinos,Benito Juarez,3,0.07285548484221044,0.053546023890252224,0.07415641446505204,Estable
San Pedro de los Pinos,Benito Juarez,5,0.07232513401587323,0.05250750507166013,0.07896301210591554,Estable
San Rafael,Cuauhtemoc,1,0.5983026063133375,0.5361187898833872,0.7018536338434473,Estable
San Rafael,Cuauhtemoc,3,0.5658345534906071,0.5418508751336387,0.667769786511177,Estable
San Rafael,Cuauhtemoc,5,0.565667581723416,0.5402497115428634,0.666053992432762,Estable
San Salvador Xochimanca,Azcapotzalco,1,-0.27192483244673543,-0.2661496129037478,-0.2611066459091831,Estable
San Salvador Xochimanca,Azcapotzalco,3,-0.2582395055632899,-0.26801466986727457,-0.23861365504674276,Estable
San Salvador Xochimanca,Azcapotzalco,5,-0.2582395055632899,-0.26843686364325525,-0.22885127193841912,Estable
San Simon Ticumac,Benito Juarez,1,-0.11276873619849914,-0.13961650941533804,-0.08980012129748699,Estable
San Simon Ticumac,Benito Juarez,3,-0.10936339382854665,-0.11878614685618588,-0.10942359140629607,Estable
San Simon Ticumac,Benito Juarez,5,-0.10992523208317792,-0.1102654306819358,-0.10898552993995542,Estable
Santa Catarina,Coyoacan,1,-0.12694107596594612,-0.13553638862699066,-0.12009677536860233,Estable
Santa Catarina,Coyoacan,3,-0.11590931535698631,-0.12637984860078721,-0.11285160564588259,Estable
Santa Catarina,Coyoacan,5,-0.1154695641666956,-0.12883802039491504,-0.109803801837,Estable
Santa Cruz Atoyac,Benito Juarez,1,-0.09379550888771832,-0.0946905937913613,-0.05815563188502297,Estable
Santa Cruz Atoyac,Benito Juarez,3,-0.10053719628574168,-0.08168208422341691,-0.08093899232766266,Estable
Santa Cruz Atoyac,Benito Juarez,5,-0.10109903454037292,-0.08358135079853396,-0.07531872513502376,Estable
Santa Maria la Ribera,Cuauhtemoc,1,1.1436425778993808,1.047834296833013,1.3240908775192368,Estable
Santa Maria la Ribera,Cuauhtemoc,3,1.151010133646207,1.0594098732177124,1.2820716006504682,Estable
Santa Maria la Ribera,Cuauhtemoc,5,1.1508431618790163,1.0568437876059553,1.2809341266896157,Estable
Santo Tomas,Miguel Hidalgo,1,-0.2822770455979846,-0.26560382502796753,-0.26262158963179866,Estable
Santo Tomas,Miguel Hidalgo,3,-0.273503057447463,-0.2719235521326325,-0.24722892775150965,Estable
Santo Tomas,Miguel Hidalgo,5,-0.27343924299604666,-0.2724870746772637,-0.23806791525814777,Estable
Sector Naval,Azcapotzalco,1,-0.2564457940937784,-0.2564661142089246,-0.25198256416308407,Estable
Sector Naval,Azcapotzalco,3,-0.24792650570983174,-0.2575655974186722,-0.22546495394355806,Estable
Sector Naval,Azcapotzalco,5,-0.24742294006812468,-0.2578626233317958,-0.21541386633311208,Estable
Tabacalera,Cuauhtemoc,1,0.0848810230315117,0.0748744398692148,0.23897114324220162,Estable
Tabacalera,Cuauhtemoc,3,0.058065952907764944,0.07540402517607264,0.20630411808006033,Estable
Tabacalera,Cuauhtemoc,5,0.057032716569639486,0.07804878007496961,0.20374263695381692,Estable
Tacuba,Miguel Hidalgo,1,-0.15719758951508725,-0.17623741034070411,-0.0814860420409128,Estable
Tacuba,Miguel Hidalgo,3,-0.1473043129676048,-0.15326543517673258,-0.08959391573108916,Estable
Tacuba,Miguel Hidalgo,5,-0.14782090517382476,-0.14367077549446808,-0.09117461219930904,Estable
Tlacoquemecatl del Valle,Benito Juarez,1,-0.14906765013844897,-0.15134608071871333,-0.1338402170717868,Estable
Tlacoquemecatl del Valle,Benito Juarez,3,-0.14444740600263004,-0.15428413839807045,-0.13076547261197147,Estable
Tlacoquemecatl del Valle,Benito Juarez,5,-0.14500924425726133,-0.15568742080310446,-0.12236158800817523,Estable
Tlatilco,Azcapotzalco,1,-0.2158398574580542,-0.21761781862078222,-0.2103467906028457,Estable
Tlatilco,Azcapotzalco,3,-0.20740116529346533,-0.21051945050912596,-0.20000029719225015,Estable
Tlatilco,Azcapotzalco,5,-0.20791775749968536,-0.2108164764222496,-0.19102783852663874,Estable
Tlaxpana,Miguel Hidalgo,1,-0.02762851497477297,-0.07342639968205336,-0.028104393665981327,Estable
Tlaxpana,Miguel Hidalgo,3,-0.0071982659826409275,-0.04695739568210358,-0.04312111271665983,Estable
Tlaxpana,Miguel Hidalgo,5,-0.007030404341765142,-0.04934232235318253,-0.03970174702222933,Estable
Un Hogar para Nosotros,Miguel Hidalgo,1,-0.3015235397704849,-0.2924745766806499,-0.2579956602883252,Estable
Un Hogar para Nosotros,Miguel Hidalgo,3,-0.294082283500076,-0.2698583676550847,-0.26135147105633183,Estable
Un Hogar para Nosotros,Miguel Hidalgo,5,-0.2942492552672669,-0.26191499360096315,-0.2602637079728203,Estable
Unidad Habitacional Cuitláhuac,Azcapotzalco,1,-0.27953055037271884,-0.2807242200063492,-0.2697996126373186,Estable
Unidad Habitacional Cuitláhuac,Azcapotzalco,3,-0.26987509006102495,-0.2810380781906314,-0.2518566021370476,Estable
Unidad Habitacional Cuitláhuac,Azcapotzalco,5,-0.27039168226724497,-0.28133510410375506,-0.24269558964368573,Estable
Veronica Anzures,Miguel Hidalgo,1,-0.12042979633170127,-0.14171186614591377,-0.10702134426657413,Estable
Veronica Anzures,Miguel Hidalgo,3,-0.11149986599170184,-0.1163751613532257,-0.11452260316590387,Estable
Veronica Anzures,Miguel Hidalgo,5,-0.11099630034999472,-0.11583342869121277,-0.10888542523997845,Estable
Vertiz Narvarte,Benito Juarez,1,-0.08376737021840604,-0.10194589759636098,-0.09282788626195075,Estable
Vertiz Narvarte,Benito Juarez,3,-0.08570529298361781,-0.10928271030641536,-0.0797396196592321,Estable
Vertiz Narvarte,Benito Juarez,5,-0.08568672458061266,-0.11176595765551879,-0.07014495997696758,Estable
Victoria de las Democracias,Azcapotzalco,1,-0.2204119814704325,-0.21059131764777786,-0.16910076553258496,Estable
Victoria de las Democracias,Azcapotzalco,3,-0.21241625998393313,-0.189042934662194,-0.18636086171491623,Estable
Victoria de las Democracias,Azcapotzalco,5,-0.21174483270135022,-0.18841320534791653,-0.17854750579401124,Estable
Villa Coyoacan,Coyoacan,1,-0.21420729777873646,-0.22034507847708099,-0.21727253545078334,Estable
Villa Coyoacan,Coyoacan,3,-0.20542851740078136,-0.21970953233275903,-0.20107341253549768,Estable
Villa Coyoacan,Coyoacan,5,-0.20492495175907424,-0.22060329434820705,-0.1992216334446299,Estable
Xoco,Benito Juarez,1,-0.20306713416624106,-0.20682989438580912,-0.19460907416562992,Estable
Xoco,Benito Juarez,3,-0.19661040371061725,-0.2240658436084195,-0.171812865334831,Estable
Xoco,Benito Juarez,5,-0.1961520841173214,-0.22521329275438243,-0.16205048222650723,Estable
