split_id,horizon,origin_period,target_period,seasonal_reference_period,status,reason,n_zones,n_predictions,min_history_points
h1_2023-01,1,2023-01,2023-02,2022-02,EXCLUDED,origin_missing_or_incomplete;target_missing_or_incomplete;seasonal_reference_missing_or_incomplete;insufficient_expanding_history,0,0,0
h1_2023-02,1,2023-02,2023-03,2022-03,EXCLUDED,origin_missing_or_incomplete;target_missing_or_incomplete;seasonal_reference_missing_or_incomplete;insufficient_expanding_history,0,0,0
h1_2023-03,1,2023-03,2023-04,2022-04,EXCLUDED,origin_missing_or_incomplete;target_missing_or_incomplete;seasonal_reference_missing_or_incomplete;insufficient_expanding_history,0,0,0
h1_2023-04,1,2023-04,2023-05,2022-05,EXCLUDED,origin_missing_or_incomplete;target_missing_or_incomplete;seasonal_reference_missing_or_incomplete;insufficient_expanding_history,0,0,0
h1_2023-05,1,2023-05,2023-06,2022-06,EXCLUDED,origin_missing_or_incomplete;target_missing_or_incomplete;seasonal_reference_missing_or_incomplete;insufficient_expanding_history,0,0,0
h1_2023-06,1,2023-06,2023-07,2022-07,EXCLUDED,origin_missing_or_incomplete;target_missing_or_incomplete;seasonal_reference_missing_or_incomplete;insufficient_expanding_history,0,0,0
h1_2023-07,1,2023-07,2023-08,2022-08,EXCLUDED,origin_missing_or_incomplete;target_missing_or_incomplete;seasonal_reference_missing_or_incomplete;insufficient_expanding_history,0,0,0
h1_2023-08,1,2023-08,2023-09,2022-09,EXCLUDED,origin_missing_or_incomplete;target_missing_or_incomplete;seasonal_reference_missing_or_incomplete;insufficient_expanding_history,0,0,0
h1_2023-09,1,2023-09,2023-10,2022-10,EXCLUDED,origin_missing_or_incomplete;target_missing_or_incomplete;seasonal_reference_missing_or_incomplete;insufficient_expanding_history,0,0,0
h1_2023-10,1,2023-10,2023-11,2022-11,EXCLUDED,origin_missing_or_incomplete;target_missing_or_incomplete;seasonal_reference_missing_or_incomplete;insufficient_expanding_history,0,0,0
h1_2023-11,1,2023-11,2023-12,2022-12,EXCLUDED,origin_missing_or_incomplete;target_missing_or_incomplete;seasonal_reference_missing_or_incomplete;insufficient_expanding_history,0,0,0
h1_2023-12,1,2023-12,2024-01,2023-01,EXCLUDED,origin_missing_or_incomplete;target_missing_or_incomplete;seasonal_reference_missing_or_incomplete;insufficient_expanding_history,0,0,0
h1_2024-01,1,2024-01,2024-02,2023-02,EXCLUDED,origin_missing_or_incomplete;seasonal_reference_missing_or_incomplete;insufficient_expanding_history,0,0,0
h1_2024-02,1,2024-02,2024-03,2023-03,EXCLUDED,seasonal_reference_missing_or_incomplete;insufficient_expanding_history,0,0,0
h1_2024-03,1,2024-03,2024-04,2023-04,EXCLUDED,seasonal_reference_missing_or_incomplete;insufficient_expanding_history,0,0,0
h1_2024-04,1,2024-04,2024-05,2023-05,EXCLUDED,seasonal_reference_missing_or_incomplete,0,0,0
h1_2024-05,1,2024-05,2024-06,2023-06,EXCLUDED,seasonal_reference_missing_or_incomplete,0,0,0
h1_2024-06,1,2024-06,2024-07,2023-07,EXCLUDED,seasonal_reference_missing_or_incomplete,0,0,0
h1_2024-07,1,2024-07,2024-08,2023-08,EXCLUDED,seasonal_reference_missing_or_incomplete,0,0,0
h1_2024-08,1,2024-08,2024-09,2023-09,EXCLUDED,seasonal_reference_missing_or_incomplete,0,0,0
h1_2024-09,1,2024-09,2024-10,2023-10,EXCLUDED,target_missing_or_incomplete;seasonal_reference_missing_or_incomplete,0,0,0
h1_2024-10,1,2024-10,2024-11,2023-11,EXCLUDED,origin_missing_or_incomplete;seasonal_reference_missing_or_incomplete,0,0,0
h1_2024-11,1,2024-11,2024-12,2023-12,EXCLUDED,seasonal_reference_missing_or_incomplete,0,0,0
h1_2024-12,1,2024-12,2025-01,2024-01,EXCLUDED,seasonal_reference_missing_or_incomplete,0,0,0
h1_2025-01,1,2025-01,2025-02,2024-02,USED,,106,106,11
h1_2025-02,1,2025-02,2025-03,2024-03,USED,,106,106,12
h1_2025-03,1,2025-03,2025-04,2024-04,USED,,106,106,13
h1_2025-04,1,2025-04,2025-05,2024-05,USED,,106,106,14
h1_2025-05,1,2025-05,2025-06,2024-06,USED,,106,106,15
h1_2025-06,1,2025-06,2025-07,2024-07,USED,,106,106,16
h1_2025-07,1,2025-07,2025-08,2024-08,USED,,106,106,17
h1_2025-08,1,2025-08,2025-09,2024-09,USED,,106,106,18
h1_2025-09,1,2025-09,2025-10,2024-10,EXCLUDED,seasonal_reference_missing_or_incomplete,0,0,0
h1_2025-10,1,2025-10,2025-11,2024-11,USED,,106,106,20
h1_2025-11,1,2025-11,2025-12,2024-12,USED,,106,106,21
h1_2025-12,1,2025-12,2026-01,2025-01,USED,,106,106,22
h1_2026-01,1,2026-01,2026-02,2025-02,USED,,106,106,23
h1_2026-02,1,2026-02,2026-03,2025-03,USED,,106,106,24
h1_2026-03,1,2026-03,2026-04,2025-04,USED,,106,106,25
h1_2026-04,1,2026-04,2026-05,2025-05,USED,,106,106,26
h1_2026-05,1,2026-05,2026-06,2025-06,USED,,106,106,27
h1_2026-06,1,2026-06,2026-07,2025-07,USED,,106,106,28
h1_2026-07,1,2026-07,2026-08,2025-08,USED,,106,106,29
h1_2026-08,1,2026-08,2026-09,2025-09,EXCLUDED,target_outside_calendar,0,0,0
h3_2023-01,3,2023-01,2023-04,2022-04,EXCLUDED,origin_missing_or_incomplete;target_missing_or_incomplete;seasonal_reference_missing_or_incomplete;insufficient_expanding_history,0,0,0
h3_2023-02,3,2023-02,2023-05,2022-05,EXCLUDED,origin_missing_or_incomplete;target_missing_or_incomplete;seasonal_reference_missing_or_incomplete;insufficient_expanding_history,0,0,0
h3_2023-03,3,2023-03,2023-06,2022-06,EXCLUDED,origin_missing_or_incomplete;target_missing_or_incomplete;seasonal_reference_missing_or_incomplete;insufficient_expanding_history,0,0,0
h3_2023-04,3,2023-04,2023-07,2022-07,EXCLUDED,origin_missing_or_incomplete;target_missing_or_incomplete;seasonal_reference_missing_or_incomplete;insufficient_expanding_history,0,0,0
h3_2023-05,3,2023-05,2023-08,2022-08,EXCLUDED,origin_missing_or_incomplete;target_missing_or_incomplete;seasonal_reference_missing_or_incomplete;insufficient_expanding_history,0,0,0
h3_2023-06,3,2023-06,2023-09,2022-09,EXCLUDED,origin_missing_or_incomplete;target_missing_or_incomplete;seasonal_reference_missing_or_incomplete;insufficient_expanding_history,0,0,0
h3_2023-07,3,2023-07,2023-10,2022-10,EXCLUDED,origin_missing_or_incomplete;target_missing_or_incomplete;seasonal_reference_missing_or_incomplete;insufficient_expanding_history,0,0,0
h3_2023-08,3,2023-08,2023-11,2022-11,EXCLUDED,origin_missing_or_incomplete;target_missing_or_incomplete;seasonal_reference_missing_or_incomplete;insufficient_expanding_history,0,0,0
h3_2023-09,3,2023-09,2023-12,2022-12,EXCLUDED,origin_missing_or_incomplete;target_missing_or_incomplete;seasonal_reference_missing_or_incomplete;insufficient_expanding_history,0,0,0
h3_2023-10,3,2023-10,2024-01,2023-01,EXCLUDED,origin_missing_or_incomplete;target_missing_or_incomplete;seasonal_reference_missing_or_incomplete;insufficient_expanding_history,0,0,0
h3_2023-11,3,2023-11,2024-02,2023-02,EXCLUDED,origin_missing_or_incomplete;seasonal_reference_missing_or_incomplete;insufficient_expanding_history,0,0,0
h3_2023-12,3,2023-12,2024-03,2023-03,EXCLUDED,origin_missing_or_incomplete;seasonal_reference_missing_or_incomplete;insufficient_expanding_history,0,0,0
h3_2024-01,3,2024-01,2024-04,2023-04,EXCLUDED,origin_missing_or_incomplete;seasonal_reference_missing_or_incomplete;insufficient_expanding_history,0,0,0
h3_2024-02,3,2024-02,2024-05,2023-05,EXCLUDED,seasonal_reference_missing_or_incomplete;insufficient_expanding_history,0,0,0
h3_2024-03,3,2024-03,2024-06,2023-06,EXCLUDED,seasonal_reference_missing_or_incomplete;insufficient_expanding_history,0,0,0
h3_2024-04,3,2024-04,2024-07,2023-07,EXCLUDED,seasonal_reference_missing_or_incomplete,0,0,0
h3_2024-05,3,2024-05,2024-08,2023-08,EXCLUDED,seasonal_reference_missing_or_incomplete,0,0,0
h3_2024-06,3,2024-06,2024-09,2023-09,EXCLUDED,seasonal_reference_missing_or_incomplete,0,0,0
h3_2024-07,3,2024-07,2024-10,2023-10,EXCLUDED,target_missing_or_incomplete;seasonal_reference_missing_or_incomplete,0,0,0
h3_2024-08,3,2024-08,2024-11,2023-11,EXCLUDED,seasonal_reference_missing_or_incomplete,0,0,0
h3_2024-09,3,2024-09,2024-12,2023-12,EXCLUDED,seasonal_reference_missing_or_incomplete,0,0,0
h3_2024-10,3,2024-10,2025-01,2024-01,EXCLUDED,origin_missing_or_incomplete;seasonal_reference_missing_or_incomplete,0,0,0
h3_2024-11,3,2024-11,2025-02,2024-02,USED,,106,106,9
h3_2024-12,3,2024-12,2025-03,2024-03,USED,,106,106,10
h3_2025-01,3,2025-01,2025-04,2024-04,USED,,106,106,11
h3_2025-02,3,2025-02,2025-05,2024-05,USED,,106,106,12
h3_2025-03,3,2025-03,2025-06,2024-06,USED,,106,106,13
h3_2025-04,3,2025-04,2025-07,2024-07,USED,,106,106,14
h3_2025-05,3,2025-05,2025-08,2024-08,USED,,106,106,15
h3_2025-06,3,2025-06,2025-09,2024-09,USED,,106,106,16
h3_2025-07,3,2025-07,2025-10,2024-10,EXCLUDED,seasonal_reference_missing_or_incomplete,0,0,0
h3_2025-08,3,2025-08,2025-11,2024-11,USED,,106,106,18
h3_2025-09,3,2025-09,2025-12,2024-12,USED,,106,106,19
h3_2025-10,3,2025-10,2026-01,2025-01,USED,,106,106,20
h3_2025-11,3,2025-11,2026-02,2025-02,USED,,106,106,21
h3_2025-12,3,2025-12,2026-03,2025-03,USED,,106,106,22
h3_2026-01,3,2026-01,2026-04,2025-04,USED,,106,106,23
h3_2026-02,3,2026-02,2026-05,2025-05,USED,,106,106,24
h3_2026-03,3,2026-03,2026-06,2025-06,USED,,106,106,25
h3_2026-04,3,2026-04,2026-07,2025-07,USED,,106,106,26
h3_2026-05,3,2026-05,2026-08,2025-08,USED,,106,106,27
h3_2026-06,3,2026-06,2026-09,2025-09,EXCLUDED,target_outside_calendar,0,0,0
h3_2026-07,3,2026-07,2026-10,2025-10,EXCLUDED,target_outside_calendar,0,0,0
h3_2026-08,3,2026-08,2026-11,2025-11,EXCLUDED,target_outside_calendar,0,0,0
h6_2023-01,6,2023-01,2023-07,2022-07,EXCLUDED,origin_missing_or_incomplete;target_missing_or_incomplete;seasonal_reference_missing_or_incomplete;insufficient_expanding_history,0,0,0
h6_2023-02,6,2023-02,2023-08,2022-08,EXCLUDED,origin_missing_or_incomplete;target_missing_or_incomplete;seasonal_reference_missing_or_incomplete;insufficient_expanding_history,0,0,0
h6_2023-03,6,2023-03,2023-09,2022-09,EXCLUDED,origin_missing_or_incomplete;target_missing_or_incomplete;seasonal_reference_missing_or_incomplete;insufficient_expanding_history,0,0,0
h6_2023-04,6,2023-04,2023-10,2022-10,EXCLUDED,origin_missing_or_incomplete;target_missing_or_incomplete;seasonal_reference_missing_or_incomplete;insufficient_expanding_history,0,0,0
h6_2023-05,6,2023-05,2023-11,2022-11,EXCLUDED,origin_missing_or_incomplete;target_missing_or_incomplete;seasonal_reference_missing_or_incomplete;insufficient_expanding_history,0,0,0
h6_2023-06,6,2023-06,2023-12,2022-12,EXCLUDED,origin_missing_or_incomplete;target_missing_or_incomplete;seasonal_reference_missing_or_incomplete;insufficient_expanding_history,0,0,0
h6_2023-07,6,2023-07,2024-01,2023-01,EXCLUDED,origin_missing_or_incomplete;target_missing_or_incomplete;seasonal_reference_missing_or_incomplete;insufficient_expanding_history,0,0,0
h6_2023-08,6,2023-08,2024-02,2023-02,EXCLUDED,origin_missing_or_incomplete;seasonal_reference_missing_or_incomplete;insufficient_expanding_history,0,0,0
h6_2023-09,6,2023-09,2024-03,2023-03,EXCLUDED,origin_missing_or_incomplete;seasonal_reference_missing_or_incomplete;insufficient_expanding_history,0,0,0
h6_2023-10,6,2023-10,2024-04,2023-04,EXCLUDED,origin_missing_or_incomplete;seasonal_reference_missing_or_incomplete;insufficient_expanding_history,0,0,0
h6_2023-11,6,2023-11,2024-05,2023-05,EXCLUDED,origin_missing_or_incomplete;seasonal_reference_missing_or_incomplete;insufficient_expanding_history,0,0,0
h6_2023-12,6,2023-12,2024-06,2023-06,EXCLUDED,origin_missing_or_incomplete;seasonal_reference_missing_or_incomplete;insufficient_expanding_history,0,0,0
h6_2024-01,6,2024-01,2024-07,2023-07,EXCLUDED,origin_missing_or_incomplete;seasonal_reference_missing_or_incomplete;insufficient_expanding_history,0,0,0
h6_2024-02,6,2024-02,2024-08,2023-08,EXCLUDED,seasonal_reference_missing_or_incomplete;insufficient_expanding_history,0,0,0
h6_2024-03,6,2024-03,2024-09,2023-09,EXCLUDED,seasonal_reference_missing_or_incomplete;insufficient_expanding_history,0,0,0
h6_2024-04,6,2024-04,2024-10,2023-10,EXCLUDED,target_missing_or_incomplete;seasonal_reference_missing_or_incomplete,0,0,0
h6_2024-05,6,2024-05,2024-11,2023-11,EXCLUDED,seasonal_reference_missing_or_incomplete,0,0,0
h6_2024-06,6,2024-06,2024-12,2023-12,EXCLUDED,seasonal_reference_missing_or_incomplete,0,0,0
h6_2024-07,6,2024-07,2025-01,2024-01,EXCLUDED,seasonal_reference_missing_or_incomplete,0,0,0
h6_2024-08,6,2024-08,2025-02,2024-02,USED,,106,106,7
h6_2024-09,6,2024-09,2025-03,2024-03,USED,,106,106,8
h6_2024-10,6,2024-10,2025-04,2024-04,EXCLUDED,origin_missing_or_incomplete,0,0,0
h6_2024-11,6,2024-11,2025-05,2024-05,USED,,106,106,9
h6_2024-12,6,2024-12,2025-06,2024-06,USED,,106,106,10
h6_2025-01,6,2025-01,2025-07,2024-07,USED,,106,106,11
h6_2025-02,6,2025-02,2025-08,2024-08,USED,,106,106,12
h6_2025-03,6,2025-03,2025-09,2024-09,USED,,106,106,13
h6_2025-04,6,2025-04,2025-10,2024-10,EXCLUDED,seasonal_reference_missing_or_incomplete,0,0,0
h6_2025-05,6,2025-05,2025-11,2024-11,USED,,106,106,15
h6_2025-06,6,2025-06,2025-12,2024-12,USED,,106,106,16
h6_2025-07,6,2025-07,2026-01,2025-01,USED,,106,106,17
h6_2025-08,6,2025-08,2026-02,2025-02,USED,,106,106,18
h6_2025-09,6,2025-09,2026-03,2025-03,USED,,106,106,19
h6_2025-10,6,2025-10,2026-04,2025-04,USED,,106,106,20
h6_2025-11,6,2025-11,2026-05,2025-05,USED,,106,106,21
h6_2025-12,6,2025-12,2026-06,2025-06,USED,,106,106,22
h6_2026-01,6,2026-01,2026-07,2025-07,USED,,106,106,23
h6_2026-02,6,2026-02,2026-08,2025-08,USED,,106,106,24
h6_2026-03,6,2026-03,2026-09,2025-09,EXCLUDED,target_outside_calendar,0,0,0
h6_2026-04,6,2026-04,2026-10,2025-10,EXCLUDED,target_outside_calendar,0,0,0
h6_2026-05,6,2026-05,2026-11,2025-11,EXCLUDED,target_outside_calendar,0,0,0
h6_2026-06,6,2026-06,2026-12,2025-12,EXCLUDED,target_outside_calendar,0,0,0
h6_2026-07,6,2026-07,2027-01,2026-01,EXCLUDED,target_outside_calendar,0,0,0
h6_2026-08,6,2026-08,2027-02,2026-02,EXCLUDED,target_outside_calendar,0,0,0
h12_2023-01,12,2023-01,2024-01,2023-01,EXCLUDED,origin_missing_or_incomplete;target_missing_or_incomplete;seasonal_reference_missing_or_incomplete;insufficient_expanding_history,0,0,0
h12_2023-02,12,2023-02,2024-02,2023-02,EXCLUDED,origin_missing_or_incomplete;seasonal_reference_missing_or_incomplete;insufficient_expanding_history,0,0,0
h12_2023-03,12,2023-03,2024-03,2023-03,EXCLUDED,origin_missing_or_incomplete;seasonal_reference_missing_or_incomplete;insufficient_expanding_history,0,0,0
h12_2023-04,12,2023-04,2024-04,2023-04,EXCLUDED,origin_missing_or_incomplete;seasonal_reference_missing_or_incomplete;insufficient_expanding_history,0,0,0
h12_2023-05,12,2023-05,2024-05,2023-05,EXCLUDED,origin_missing_or_incomplete;seasonal_reference_missing_or_incomplete;insufficient_expanding_history,0,0,0
h12_2023-06,12,2023-06,2024-06,2023-06,EXCLUDED,origin_missing_or_incomplete;seasonal_reference_missing_or_incomplete;insufficient_expanding_history,0,0,0
h12_2023-07,12,2023-07,2024-07,2023-07,EXCLUDED,origin_missing_or_incomplete;seasonal_reference_missing_or_incomplete;insufficient_expanding_history,0,0,0
h12_2023-08,12,2023-08,2024-08,2023-08,EXCLUDED,origin_missing_or_incomplete;seasonal_reference_missing_or_incomplete;insufficient_expanding_history,0,0,0
h12_2023-09,12,2023-09,2024-09,2023-09,EXCLUDED,origin_missing_or_incomplete;seasonal_reference_missing_or_incomplete;insufficient_expanding_history,0,0,0
h12_2023-10,12,2023-10,2024-10,2023-10,EXCLUDED,origin_missing_or_incomplete;target_missing_or_incomplete;seasonal_reference_missing_or_incomplete;insufficient_expanding_history,0,0,0
h12_2023-11,12,2023-11,2024-11,2023-11,EXCLUDED,origin_missing_or_incomplete;seasonal_reference_missing_or_incomplete;insufficient_expanding_history,0,0,0
h12_2023-12,12,2023-12,2024-12,2023-12,EXCLUDED,origin_missing_or_incomplete;seasonal_reference_missing_or_incomplete;insufficient_expanding_history,0,0,0
h12_2024-01,12,2024-01,2025-01,2024-01,EXCLUDED,origin_missing_or_incomplete;seasonal_reference_missing_or_incomplete;insufficient_expanding_history,0,0,0
h12_2024-02,12,2024-02,2025-02,2024-02,EXCLUDED,insufficient_expanding_history,0,0,0
h12_2024-03,12,2024-03,2025-03,2024-03,EXCLUDED,insufficient_expanding_history,0,0,0
h12_2024-04,12,2024-04,2025-04,2024-04,USED,,106,106,3
h12_2024-05,12,2024-05,2025-05,2024-05,USED,,106,106,4
h12_2024-06,12,2024-06,2025-06,2024-06,USED,,106,106,5
h12_2024-07,12,2024-07,2025-07,2024-07,USED,,106,106,6
h12_2024-08,12,2024-08,2025-08,2024-08,USED,,106,106,7
h12_2024-09,12,2024-09,2025-09,2024-09,USED,,106,106,8
h12_2024-10,12,2024-10,2025-10,2024-10,EXCLUDED,origin_missing_or_incomplete;seasonal_reference_missing_or_incomplete,0,0,0
h12_2024-11,12,2024-11,2025-11,2024-11,USED,,106,106,9
h12_2024-12,12,2024-12,2025-12,2024-12,USED,,106,106,10
h12_2025-01,12,2025-01,2026-01,2025-01,USED,,106,106,11
h12_2025-02,12,2025-02,2026-02,2025-02,USED,,106,106,12
h12_2025-03,12,2025-03,2026-03,2025-03,USED,,106,106,13
h12_2025-04,12,2025-04,2026-04,2025-04,USED,,106,106,14
h12_2025-05,12,2025-05,2026-05,2025-05,USED,,106,106,15
h12_2025-06,12,2025-06,2026-06,2025-06,USED,,106,106,16
h12_2025-07,12,2025-07,2026-07,2025-07,USED,,106,106,17
h12_2025-08,12,2025-08,2026-08,2025-08,USED,,106,106,18
h12_2025-09,12,2025-09,2026-09,2025-09,EXCLUDED,target_outside_calendar,0,0,0
h12_2025-10,12,2025-10,2026-10,2025-10,EXCLUDED,target_outside_calendar,0,0,0
h12_2025-11,12,2025-11,2026-11,2025-11,EXCLUDED,target_outside_calendar,0,0,0
h12_2025-12,12,2025-12,2026-12,2025-12,EXCLUDED,target_outside_calendar,0,0,0
h12_2026-01,12,2026-01,2027-01,2026-01,EXCLUDED,target_outside_calendar,0,0,0
h12_2026-02,12,2026-02,2027-02,2026-02,EXCLUDED,target_outside_calendar,0,0,0
h12_2026-03,12,2026-03,2027-03,2026-03,EXCLUDED,target_outside_calendar,0,0,0
h12_2026-04,12,2026-04,2027-04,2026-04,EXCLUDED,target_outside_calendar,0,0,0
h12_2026-05,12,2026-05,2027-05,2026-05,EXCLUDED,target_outside_calendar,0,0,0
h12_2026-06,12,2026-06,2027-06,2026-06,EXCLUDED,target_outside_calendar,0,0,0
h12_2026-07,12,2026-07,2027-07,2026-07,EXCLUDED,target_outside_calendar,0,0,0
h12_2026-08,12,2026-08,2027-08,2026-08,EXCLUDED,target_outside_calendar,0,0,0
