zone_id,neighbor_zone_id,relation_type,distance_centroid_m,weight_raw,weight_normalized
col_075ade1e8b735efcac21da8802b37c0a,col_46ef3d6067b85bc580fd6f574f0e5a26,queen,790.9979851266205,1.0,0.3333333333333333
col_46ef3d6067b85bc580fd6f574f0e5a26,col_075ade1e8b735efcac21da8802b37c0a,queen,790.9979851266205,1.0,0.14285714285714285
col_075ade1e8b735efcac21da8802b37c0a,col_a8d3b136a1115b0380f6f041ad7b12a8,queen,716.3309750243598,1.0,0.3333333333333333
col_a8d3b136a1115b0380f6f041ad7b12a8,col_075ade1e8b735efcac21da8802b37c0a,queen,716.3309750243598,1.0,0.3333333333333333
col_075ade1e8b735efcac21da8802b37c0a,col_ba378e9f675c57f6b84cd80ba4906921,queen,499.669811876976,1.0,0.3333333333333333
col_ba378e9f675c57f6b84cd80ba4906921,col_075ade1e8b735efcac21da8802b37c0a,queen,499.669811876976,1.0,0.5
col_0d7a0b5c2d6b5f31bd586ed063d99183,col_46ef3d6067b85bc580fd6f574f0e5a26,queen,543.7154546784204,1.0,0.3333333333333333
col_46ef3d6067b85bc580fd6f574f0e5a26,col_0d7a0b5c2d6b5f31bd586ed063d99183,queen,543.7154546784204,1.0,0.14285714285714285
col_0d7a0b5c2d6b5f31bd586ed063d99183,col_92cd6e3f23155eedb10936246b2da76c,queen,970.2194849381996,1.0,0.3333333333333333
col_92cd6e3f23155eedb10936246b2da76c,col_0d7a0b5c2d6b5f31bd586ed063d99183,queen,970.2194849381996,1.0,0.2
col_0d7a0b5c2d6b5f31bd586ed063d99183,col_de2ee5e1ae0955e6845ef669ea127a75,queen,665.6287773166533,1.0,0.3333333333333333
col_de2ee5e1ae0955e6845ef669ea127a75,col_0d7a0b5c2d6b5f31bd586ed063d99183,queen,665.6287773166533,1.0,0.5
col_0f6878a834535080af77fae943ae9b95,col_76cd2cc2efb657e1a3779dc11ff63e1d,queen,1673.434895111445,1.0,0.2
col_76cd2cc2efb657e1a3779dc11ff63e1d,col_0f6878a834535080af77fae943ae9b95,queen,1673.434895111445,1.0,0.2
col_0f6878a834535080af77fae943ae9b95,col_af634a3d6a0956f8930194b36da1dbde,queen,1175.054151928087,1.0,0.2
col_af634a3d6a0956f8930194b36da1dbde,col_0f6878a834535080af77fae943ae9b95,queen,1175.054151928087,1.0,0.5
col_0f6878a834535080af77fae943ae9b95,col_b9647cb13b4b5ebebd069fd56e70a36f,queen,1332.0035143351652,1.0,0.2
col_b9647cb13b4b5ebebd069fd56e70a36f,col_0f6878a834535080af77fae943ae9b95,queen,1332.0035143351652,1.0,0.2
col_0f6878a834535080af77fae943ae9b95,col_bd478b6a570f533f803bd0118bf3f055,queen,1478.2084966965797,1.0,0.2
col_bd478b6a570f533f803bd0118bf3f055,col_0f6878a834535080af77fae943ae9b95,queen,1478.2084966965797,1.0,0.2
col_0f6878a834535080af77fae943ae9b95,col_ffeedd6a32945225b84ecc416148dd76,queen,932.0593111930604,1.0,0.2
col_ffeedd6a32945225b84ecc416148dd76,col_0f6878a834535080af77fae943ae9b95,queen,932.0593111930604,1.0,0.25
col_145462232cb0506eac0d954b79bb4e67,col_8dd63c1e84435db49a927bcd4b149776,queen,733.281035019457,1.0,0.3333333333333333
col_8dd63c1e84435db49a927bcd4b149776,col_145462232cb0506eac0d954b79bb4e67,queen,733.281035019457,1.0,0.3333333333333333
col_145462232cb0506eac0d954b79bb4e67,col_a21a9068f97957a2a0828f64e9102bde,queen,575.7815780854907,1.0,0.3333333333333333
col_a21a9068f97957a2a0828f64e9102bde,col_145462232cb0506eac0d954b79bb4e67,queen,575.7815780854907,1.0,0.3333333333333333
col_145462232cb0506eac0d954b79bb4e67,col_d24f94824377561c8616923a56c96081,queen,621.6978547661573,1.0,0.3333333333333333
col_d24f94824377561c8616923a56c96081,col_145462232cb0506eac0d954b79bb4e67,queen,621.6978547661573,1.0,0.5
col_175c1726756a5dda90d2345c13795848,col_218c753a6a38548aa02718260c2caef7,queen,755.8683826177529,1.0,0.5
col_218c753a6a38548aa02718260c2caef7,col_175c1726756a5dda90d2345c13795848,queen,755.8683826177529,1.0,0.3333333333333333
col_175c1726756a5dda90d2345c13795848,col_46ef3d6067b85bc580fd6f574f0e5a26,queen,785.0342507301381,1.0,0.5
col_46ef3d6067b85bc580fd6f574f0e5a26,col_175c1726756a5dda90d2345c13795848,queen,785.0342507301381,1.0,0.14285714285714285
col_2006d9e5f6975534a01a4ae3d0063ec1,col_c84c8cba11e05de082c7496795578d88,queen,352.2543848075572,1.0,0.5
col_c84c8cba11e05de082c7496795578d88,col_2006d9e5f6975534a01a4ae3d0063ec1,queen,352.2543848075572,1.0,0.3333333333333333
col_2006d9e5f6975534a01a4ae3d0063ec1,col_e38591c35bd05184a3caa0318add5f06,queen,617.5133424609629,1.0,0.5
col_e38591c35bd05184a3caa0318add5f06,col_2006d9e5f6975534a01a4ae3d0063ec1,queen,617.5133424609629,1.0,0.16666666666666666
col_218c753a6a38548aa02718260c2caef7,col_46ef3d6067b85bc580fd6f574f0e5a26,queen,783.2209126293694,1.0,0.3333333333333333
col_46ef3d6067b85bc580fd6f574f0e5a26,col_218c753a6a38548aa02718260c2caef7,queen,783.2209126293694,1.0,0.14285714285714285
col_218c753a6a38548aa02718260c2caef7,col_a8d3b136a1115b0380f6f041ad7b12a8,queen,811.5128106990459,1.0,0.3333333333333333
col_a8d3b136a1115b0380f6f041ad7b12a8,col_218c753a6a38548aa02718260c2caef7,queen,811.5128106990459,1.0,0.3333333333333333
col_21faee63d17e537f90a501b5c0313a20,col_3c107741e9aa5999ac5f00ed40d5deea,queen,1203.3160153572285,1.0,0.3333333333333333
col_3c107741e9aa5999ac5f00ed40d5deea,col_21faee63d17e537f90a501b5c0313a20,queen,1203.3160153572285,1.0,0.3333333333333333
col_21faee63d17e537f90a501b5c0313a20,col_6573c9286c5a50288130ecf1765ab3b5,queen,880.9321517372647,1.0,0.3333333333333333
col_6573c9286c5a50288130ecf1765ab3b5,col_21faee63d17e537f90a501b5c0313a20,queen,880.9321517372647,1.0,0.2
col_21faee63d17e537f90a501b5c0313a20,col_8694171d7ed551d78020504424e7148c,queen,853.2186564634628,1.0,0.3333333333333333
col_8694171d7ed551d78020504424e7148c,col_21faee63d17e537f90a501b5c0313a20,queen,853.2186564634628,1.0,0.5
col_321ef9a198015257a1d0afd095d56686,col_a21a9068f97957a2a0828f64e9102bde,queen,781.4988994574471,1.0,0.5
col_a21a9068f97957a2a0828f64e9102bde,col_321ef9a198015257a1d0afd095d56686,queen,781.4988994574471,1.0,0.3333333333333333
col_321ef9a198015257a1d0afd095d56686,col_d24f94824377561c8616923a56c96081,queen,314.1401769548806,1.0,0.5
col_d24f94824377561c8616923a56c96081,col_321ef9a198015257a1d0afd095d56686,queen,314.1401769548806,1.0,0.5
col_347bf8c118ae5cde8343a717c911525d,col_81ad18034e5855e38b63dfffe608d3d3,queen,835.5960828750295,1.0,0.3333333333333333
col_81ad18034e5855e38b63dfffe608d3d3,col_347bf8c118ae5cde8343a717c911525d,queen,835.5960828750295,1.0,0.2
col_347bf8c118ae5cde8343a717c911525d,col_abad05146e545e0cb59abdc228f8373c,queen,650.7885966988957,1.0,0.3333333333333333
col_abad05146e545e0cb59abdc228f8373c,col_347bf8c118ae5cde8343a717c911525d,queen,650.7885966988957,1.0,0.3333333333333333
col_347bf8c118ae5cde8343a717c911525d,col_c4ce45851ad35a61b8fb1e683c4b52a5,queen,636.6360569437733,1.0,0.3333333333333333
col_c4ce45851ad35a61b8fb1e683c4b52a5,col_347bf8c118ae5cde8343a717c911525d,queen,636.6360569437733,1.0,0.5
col_34ef10debc6452f7a37e4eb02f41010f,col_4b057d99c17f5783822af98b43744780,queen,1104.1093639184542,1.0,0.5
col_4b057d99c17f5783822af98b43744780,col_34ef10debc6452f7a37e4eb02f41010f,queen,1104.1093639184542,1.0,0.5
col_34ef10debc6452f7a37e4eb02f41010f,col_6573c9286c5a50288130ecf1765ab3b5,queen,751.0762772837677,1.0,0.5
col_6573c9286c5a50288130ecf1765ab3b5,col_34ef10debc6452f7a37e4eb02f41010f,queen,751.0762772837677,1.0,0.2
col_39b7c034d6a15d22952ae31d1eab536a,col_6f85f8cb1357503bae86559c4ab47194,queen,719.8402489009621,1.0,0.2
col_6f85f8cb1357503bae86559c4ab47194,col_39b7c034d6a15d22952ae31d1eab536a,queen,719.8402489009621,1.0,0.25
col_39b7c034d6a15d22952ae31d1eab536a,col_76cd2cc2efb657e1a3779dc11ff63e1d,queen,1182.568294696563,1.0,0.2
col_76cd2cc2efb657e1a3779dc11ff63e1d,col_39b7c034d6a15d22952ae31d1eab536a,queen,1182.568294696563,1.0,0.2
col_39b7c034d6a15d22952ae31d1eab536a,col_bd478b6a570f533f803bd0118bf3f055,queen,1387.4956993830053,1.0,0.2
col_bd478b6a570f533f803bd0118bf3f055,col_39b7c034d6a15d22952ae31d1eab536a,queen,1387.4956993830053,1.0,0.2
col_39b7c034d6a15d22952ae31d1eab536a,col_e38591c35bd05184a3caa0318add5f06,queen,1155.9389673498292,1.0,0.2
col_e38591c35bd05184a3caa0318add5f06,col_39b7c034d6a15d22952ae31d1eab536a,queen,1155.9389673498292,1.0,0.16666666666666666
col_39b7c034d6a15d22952ae31d1eab536a,col_fb144842ece557ce8e184ba17ea11743,queen,857.7711196761841,1.0,0.2
col_fb144842ece557ce8e184ba17ea11743,col_39b7c034d6a15d22952ae31d1eab536a,queen,857.7711196761841,1.0,0.2
col_3c107741e9aa5999ac5f00ed40d5deea,col_6573c9286c5a50288130ecf1765ab3b5,queen,1624.6520657047377,1.0,0.3333333333333333
col_6573c9286c5a50288130ecf1765ab3b5,col_3c107741e9aa5999ac5f00ed40d5deea,queen,1624.6520657047377,1.0,0.2
col_3c107741e9aa5999ac5f00ed40d5deea,col_aaef3bfb4fb259e8ab32bf1eb9404368,queen,429.9430572451399,1.0,0.3333333333333333
col_aaef3bfb4fb259e8ab32bf1eb9404368,col_3c107741e9aa5999ac5f00ed40d5deea,queen,429.9430572451399,1.0,1.0
col_43db8a95c872541680d0688e731fe141,col_62bb8f5cf8d25a898a34208ad6dee465,queen,1840.3946508372878,1.0,0.3333333333333333
col_62bb8f5cf8d25a898a34208ad6dee465,col_43db8a95c872541680d0688e731fe141,queen,1840.3946508372878,1.0,0.3333333333333333
col_43db8a95c872541680d0688e731fe141,col_926ff32000a751399a54daad7479254d,queen,1541.823802805344,1.0,0.3333333333333333
col_926ff32000a751399a54daad7479254d,col_43db8a95c872541680d0688e731fe141,queen,1541.823802805344,1.0,0.25
col_43db8a95c872541680d0688e731fe141,col_b0d667d100335a2cbd38dd885b4a49ae,queen,1320.8585095009305,1.0,0.3333333333333333
col_b0d667d100335a2cbd38dd885b4a49ae,col_43db8a95c872541680d0688e731fe141,queen,1320.8585095009305,1.0,0.25
col_46ef3d6067b85bc580fd6f574f0e5a26,col_92cd6e3f23155eedb10936246b2da76c,queen,1368.0207155624712,1.0,0.14285714285714285
col_92cd6e3f23155eedb10936246b2da76c,col_46ef3d6067b85bc580fd6f574f0e5a26,queen,1368.0207155624712,1.0,0.2
col_46ef3d6067b85bc580fd6f574f0e5a26,col_a8d3b136a1115b0380f6f041ad7b12a8,queen,671.9008175872104,1.0,0.14285714285714285
col_a8d3b136a1115b0380f6f041ad7b12a8,col_46ef3d6067b85bc580fd6f574f0e5a26,queen,671.9008175872104,1.0,0.3333333333333333
col_46ef3d6067b85bc580fd6f574f0e5a26,col_ba378e9f675c57f6b84cd80ba4906921,queen,1129.4272615122522,1.0,0.14285714285714285
col_ba378e9f675c57f6b84cd80ba4906921,col_46ef3d6067b85bc580fd6f574f0e5a26,queen,1129.4272615122522,1.0,0.5
col_47716220585b527aaf095e5cd827326f,col_cbef3a463b0b5bc2ac31e747b6721178,queen,1331.0335610513728,1.0,1.0
col_cbef3a463b0b5bc2ac31e747b6721178,col_47716220585b527aaf095e5cd827326f,queen,1331.0335610513728,1.0,1.0
col_479170cdfd5b53c484ffa7a376547b3a,col_6954f4d5482a5e07b5721c81d464cd43,queen,847.6373030501413,1.0,0.5
col_6954f4d5482a5e07b5721c81d464cd43,col_479170cdfd5b53c484ffa7a376547b3a,queen,847.6373030501413,1.0,0.5
col_479170cdfd5b53c484ffa7a376547b3a,col_fff7ee1276da58efb088edf2d4f0141e,queen,1434.712066304015,1.0,0.5
col_fff7ee1276da58efb088edf2d4f0141e,col_479170cdfd5b53c484ffa7a376547b3a,queen,1434.712066304015,1.0,0.2
col_49351caf73a652ba8bcc7655ce37dd18,col_926ff32000a751399a54daad7479254d,queen,1392.2359310704092,1.0,0.25
col_926ff32000a751399a54daad7479254d,col_49351caf73a652ba8bcc7655ce37dd18,queen,1392.2359310704092,1.0,0.25
col_49351caf73a652ba8bcc7655ce37dd18,col_92cd6e3f23155eedb10936246b2da76c,queen,1137.8360819787576,1.0,0.25
col_92cd6e3f23155eedb10936246b2da76c,col_49351caf73a652ba8bcc7655ce37dd18,queen,1137.8360819787576,1.0,0.2
col_49351caf73a652ba8bcc7655ce37dd18,col_b0d667d100335a2cbd38dd885b4a49ae,queen,2010.0816518860872,1.0,0.25
col_b0d667d100335a2cbd38dd885b4a49ae,col_49351caf73a652ba8bcc7655ce37dd18,queen,2010.0816518860872,1.0,0.25
col_49351caf73a652ba8bcc7655ce37dd18,col_fb144842ece557ce8e184ba17ea11743,queen,925.9780590583337,1.0,0.25
col_fb144842ece557ce8e184ba17ea11743,col_49351caf73a652ba8bcc7655ce37dd18,queen,925.9780590583337,1.0,0.2
col_4a6ce89e87ac5037b13cd12239825b31,col_e426afce41e3549e9144c6ee8c8047dc,queen,924.5946325883199,1.0,1.0
col_e426afce41e3549e9144c6ee8c8047dc,col_4a6ce89e87ac5037b13cd12239825b31,queen,924.5946325883199,1.0,0.3333333333333333
col_4b057d99c17f5783822af98b43744780,col_6573c9286c5a50288130ecf1765ab3b5,queen,1208.9792706888204,1.0,0.5
col_6573c9286c5a50288130ecf1765ab3b5,col_4b057d99c17f5783822af98b43744780,queen,1208.9792706888204,1.0,0.2
col_4d16bf4016d1531fac1806d04420e1fc,col_6573c9286c5a50288130ecf1765ab3b5,queen,1543.5620700712152,1.0,0.25
col_6573c9286c5a50288130ecf1765ab3b5,col_4d16bf4016d1531fac1806d04420e1fc,queen,1543.5620700712152,1.0,0.2
col_4d16bf4016d1531fac1806d04420e1fc,col_81496637921a5e749f117e8ef4f2ee99,queen,663.5641757919936,1.0,0.25
col_81496637921a5e749f117e8ef4f2ee99,col_4d16bf4016d1531fac1806d04420e1fc,queen,663.5641757919936,1.0,0.25
col_4d16bf4016d1531fac1806d04420e1fc,col_8694171d7ed551d78020504424e7148c,queen,806.2280763498235,1.0,0.25
col_8694171d7ed551d78020504424e7148c,col_4d16bf4016d1531fac1806d04420e1fc,queen,806.2280763498235,1.0,0.5
col_4d16bf4016d1531fac1806d04420e1fc,col_9f7b23fc019150a58f8d3fa8ecb0545b,queen,770.7731881597812,1.0,0.25
col_9f7b23fc019150a58f8d3fa8ecb0545b,col_4d16bf4016d1531fac1806d04420e1fc,queen,770.7731881597812,1.0,0.16666666666666666
col_506a1cf0beec53eb97a74f9abc9cfe66,col_81496637921a5e749f117e8ef4f2ee99,queen,567.7425266895775,1.0,0.3333333333333333
col_81496637921a5e749f117e8ef4f2ee99,col_506a1cf0beec53eb97a74f9abc9cfe66,queen,567.7425266895775,1.0,0.25
col_506a1cf0beec53eb97a74f9abc9cfe66,col_9f7b23fc019150a58f8d3fa8ecb0545b,queen,852.4868842943145,1.0,0.3333333333333333
col_9f7b23fc019150a58f8d3fa8ecb0545b,col_506a1cf0beec53eb97a74f9abc9cfe66,queen,852.4868842943145,1.0,0.16666666666666666
col_506a1cf0beec53eb97a74f9abc9cfe66,col_a069943804255517b1a44551a37b7d8e,queen,721.3655831873824,1.0,0.3333333333333333
col_a069943804255517b1a44551a37b7d8e,col_506a1cf0beec53eb97a74f9abc9cfe66,queen,721.3655831873824,1.0,0.16666666666666666
col_5176ae04e5c95d57b5192bbca17b2436,col_5322fef4c1c650588d41946f956ec97e,queen,807.2720903767389,1.0,0.5
col_5322fef4c1c650588d41946f956ec97e,col_5176ae04e5c95d57b5192bbca17b2436,queen,807.2720903767389,1.0,0.2
col_5176ae04e5c95d57b5192bbca17b2436,col_b9647cb13b4b5ebebd069fd56e70a36f,queen,1977.9528730425864,1.0,0.5
col_b9647cb13b4b5ebebd069fd56e70a36f,col_5176ae04e5c95d57b5192bbca17b2436,queen,1977.9528730425864,1.0,0.2
col_5322fef4c1c650588d41946f956ec97e,col_77126fcee0bf5162978113f718dc8420,queen,868.9408402579218,1.0,0.2
col_77126fcee0bf5162978113f718dc8420,col_5322fef4c1c650588d41946f956ec97e,queen,868.9408402579218,1.0,0.5
col_5322fef4c1c650588d41946f956ec97e,col_9b8d9872383b59f7a23d22ab97fc79d8,queen,1353.9311683556218,1.0,0.2
col_9b8d9872383b59f7a23d22ab97fc79d8,col_5322fef4c1c650588d41946f956ec97e,queen,1353.9311683556218,1.0,0.25
col_5322fef4c1c650588d41946f956ec97e,col_a20da3b32dc95373bfc155a68e4197fa,queen,989.8923739092202,1.0,0.2
col_a20da3b32dc95373bfc155a68e4197fa,col_5322fef4c1c650588d41946f956ec97e,queen,989.8923739092202,1.0,0.25
col_5322fef4c1c650588d41946f956ec97e,col_f1b446f58ae65b7f8a814bab39bf17dc,queen,1160.687755495901,1.0,0.2
col_f1b446f58ae65b7f8a814bab39bf17dc,col_5322fef4c1c650588d41946f956ec97e,queen,1160.687755495901,1.0,0.25
col_543d04998daf5e4ab3306049617a67b4,col_d4e474286fa85c0aa9cd393c8e2880c1,queen,587.3631709716642,1.0,1.0
col_d4e474286fa85c0aa9cd393c8e2880c1,col_543d04998daf5e4ab3306049617a67b4,queen,587.3631709716642,1.0,1.0
col_5481a24d7414578eb3d8dcf5c715fb23,col_aeb67b70520e58b895caf170c4cc2b7b,queen,546.600414476661,1.0,0.3333333333333333
col_aeb67b70520e58b895caf170c4cc2b7b,col_5481a24d7414578eb3d8dcf5c715fb23,queen,546.600414476661,1.0,0.3333333333333333
col_5481a24d7414578eb3d8dcf5c715fb23,col_eadac3374f095a63b927c12303b7218a,queen,387.4627703213486,1.0,0.3333333333333333
col_eadac3374f095a63b927c12303b7218a,col_5481a24d7414578eb3d8dcf5c715fb23,queen,387.4627703213486,1.0,0.5
col_5481a24d7414578eb3d8dcf5c715fb23,col_fff7ee1276da58efb088edf2d4f0141e,queen,1351.6985735551257,1.0,0.3333333333333333
col_fff7ee1276da58efb088edf2d4f0141e,col_5481a24d7414578eb3d8dcf5c715fb23,queen,1351.6985735551257,1.0,0.2
col_62bb8f5cf8d25a898a34208ad6dee465,col_d40150e91a0457b18f3ac9b3be178bdc,queen,1273.2543678660682,1.0,0.3333333333333333
col_d40150e91a0457b18f3ac9b3be178bdc,col_62bb8f5cf8d25a898a34208ad6dee465,queen,1273.2543678660682,1.0,1.0
col_62bb8f5cf8d25a898a34208ad6dee465,col_f1b446f58ae65b7f8a814bab39bf17dc,queen,1575.9250741457774,1.0,0.3333333333333333
col_f1b446f58ae65b7f8a814bab39bf17dc,col_62bb8f5cf8d25a898a34208ad6dee465,queen,1575.9250741457774,1.0,0.25
col_64a29c6aaaf85a42bb0e87a40667ac42,col_6bf10fd8943e5967b7603760fb6cd344,queen,1002.2378717417109,1.0,0.2
col_6bf10fd8943e5967b7603760fb6cd344,col_64a29c6aaaf85a42bb0e87a40667ac42,queen,1002.2378717417109,1.0,0.25
col_64a29c6aaaf85a42bb0e87a40667ac42,col_84c2fef5059c546e9a59e6816fb7e72b,queen,943.3026301453098,1.0,0.2
col_84c2fef5059c546e9a59e6816fb7e72b,col_64a29c6aaaf85a42bb0e87a40667ac42,queen,943.3026301453098,1.0,0.2
col_64a29c6aaaf85a42bb0e87a40667ac42,col_8e89f7e8963258c3b4c0ec85deb35ae9,queen,801.6138358622034,1.0,0.2
col_8e89f7e8963258c3b4c0ec85deb35ae9,col_64a29c6aaaf85a42bb0e87a40667ac42,queen,801.6138358622034,1.0,0.2
col_64a29c6aaaf85a42bb0e87a40667ac42,col_9bbea60acc995fa7b9c482efc14ebb94,queen,632.0341291298935,1.0,0.2
col_9bbea60acc995fa7b9c482efc14ebb94,col_64a29c6aaaf85a42bb0e87a40667ac42,queen,632.0341291298935,1.0,0.2
col_64a29c6aaaf85a42bb0e87a40667ac42,col_a11503ab8f7b52ecba6e146f1cd2bcae,queen,593.8094553354043,1.0,0.2
col_a11503ab8f7b52ecba6e146f1cd2bcae,col_64a29c6aaaf85a42bb0e87a40667ac42,queen,593.8094553354043,1.0,0.25
col_6954f4d5482a5e07b5721c81d464cd43,col_df8f37e24dff550bb52ef711568f9cb7,queen,1051.2222795122402,1.0,0.5
col_df8f37e24dff550bb52ef711568f9cb7,col_6954f4d5482a5e07b5721c81d464cd43,queen,1051.2222795122402,1.0,1.0
col_6bf10fd8943e5967b7603760fb6cd344,col_7d88ca5b0c8d519c962986381a6c0a11,queen,864.834098321596,1.0,0.25
col_7d88ca5b0c8d519c962986381a6c0a11,col_6bf10fd8943e5967b7603760fb6cd344,queen,864.834098321596,1.0,0.3333333333333333
col_6bf10fd8943e5967b7603760fb6cd344,col_9bbea60acc995fa7b9c482efc14ebb94,queen,1036.9345919938423,1.0,0.25
col_9bbea60acc995fa7b9c482efc14ebb94,col_6bf10fd8943e5967b7603760fb6cd344,queen,1036.9345919938423,1.0,0.2
col_6bf10fd8943e5967b7603760fb6cd344,col_f685e6afce2f59ffb8b623a8882cd0ef,queen,1671.6356242316788,1.0,0.25
col_f685e6afce2f59ffb8b623a8882cd0ef,col_6bf10fd8943e5967b7603760fb6cd344,queen,1671.6356242316788,1.0,0.25
col_6e932760ad7e5318b2922fea188ea3f8,col_76d47b3676925748aa9d3dee653c6562,queen,453.01425489110727,1.0,0.5
col_76d47b3676925748aa9d3dee653c6562,col_6e932760ad7e5318b2922fea188ea3f8,queen,453.01425489110727,1.0,1.0
col_6e932760ad7e5318b2922fea188ea3f8,col_b0d667d100335a2cbd38dd885b4a49ae,queen,481.99115109295803,1.0,0.5
col_b0d667d100335a2cbd38dd885b4a49ae,col_6e932760ad7e5318b2922fea188ea3f8,queen,481.99115109295803,1.0,0.25
col_6f85f8cb1357503bae86559c4ab47194,col_76cd2cc2efb657e1a3779dc11ff63e1d,queen,935.7522732108613,1.0,0.25
col_76cd2cc2efb657e1a3779dc11ff63e1d,col_6f85f8cb1357503bae86559c4ab47194,queen,935.7522732108613,1.0,0.2
col_6f85f8cb1357503bae86559c4ab47194,col_926ff32000a751399a54daad7479254d,queen,664.5160189593977,1.0,0.25
col_926ff32000a751399a54daad7479254d,col_6f85f8cb1357503bae86559c4ab47194,queen,664.5160189593977,1.0,0.25
col_6f85f8cb1357503bae86559c4ab47194,col_ffeedd6a32945225b84ecc416148dd76,queen,1264.5281881520755,1.0,0.25
col_ffeedd6a32945225b84ecc416148dd76,col_6f85f8cb1357503bae86559c4ab47194,queen,1264.5281881520755,1.0,0.25
col_76cd2cc2efb657e1a3779dc11ff63e1d,col_b9647cb13b4b5ebebd069fd56e70a36f,queen,754.3476816036695,1.0,0.2
col_b9647cb13b4b5ebebd069fd56e70a36f,col_76cd2cc2efb657e1a3779dc11ff63e1d,queen,754.3476816036695,1.0,0.2
col_76cd2cc2efb657e1a3779dc11ff63e1d,col_ffeedd6a32945225b84ecc416148dd76,queen,1094.4003617974852,1.0,0.2
col_ffeedd6a32945225b84ecc416148dd76,col_76cd2cc2efb657e1a3779dc11ff63e1d,queen,1094.4003617974852,1.0,0.25
col_77126fcee0bf5162978113f718dc8420,col_f1b446f58ae65b7f8a814bab39bf17dc,queen,846.1969583803734,1.0,0.5
col_f1b446f58ae65b7f8a814bab39bf17dc,col_77126fcee0bf5162978113f718dc8420,queen,846.1969583803734,1.0,0.25
col_7d88ca5b0c8d519c962986381a6c0a11,col_9bbea60acc995fa7b9c482efc14ebb94,queen,922.1295011232244,1.0,0.3333333333333333
col_9bbea60acc995fa7b9c482efc14ebb94,col_7d88ca5b0c8d519c962986381a6c0a11,queen,922.1295011232244,1.0,0.2
col_7d88ca5b0c8d519c962986381a6c0a11,col_f685e6afce2f59ffb8b623a8882cd0ef,queen,1026.4364635349343,1.0,0.3333333333333333
col_f685e6afce2f59ffb8b623a8882cd0ef,col_7d88ca5b0c8d519c962986381a6c0a11,queen,1026.4364635349343,1.0,0.25
col_81496637921a5e749f117e8ef4f2ee99,col_9f7b23fc019150a58f8d3fa8ecb0545b,queen,592.4879400976065,1.0,0.25
col_9f7b23fc019150a58f8d3fa8ecb0545b,col_81496637921a5e749f117e8ef4f2ee99,queen,592.4879400976065,1.0,0.16666666666666666
col_81496637921a5e749f117e8ef4f2ee99,col_a069943804255517b1a44551a37b7d8e,queen,921.5676978883896,1.0,0.25
col_a069943804255517b1a44551a37b7d8e,col_81496637921a5e749f117e8ef4f2ee99,queen,921.5676978883896,1.0,0.16666666666666666
col_81ad18034e5855e38b63dfffe608d3d3,col_abad05146e545e0cb59abdc228f8373c,queen,1103.1935968240728,1.0,0.2
col_abad05146e545e0cb59abdc228f8373c,col_81ad18034e5855e38b63dfffe608d3d3,queen,1103.1935968240728,1.0,0.3333333333333333
col_81ad18034e5855e38b63dfffe608d3d3,col_c4ce45851ad35a61b8fb1e683c4b52a5,queen,665.0210787260502,1.0,0.2
col_c4ce45851ad35a61b8fb1e683c4b52a5,col_81ad18034e5855e38b63dfffe608d3d3,queen,665.0210787260502,1.0,0.5
col_81ad18034e5855e38b63dfffe608d3d3,col_e426afce41e3549e9144c6ee8c8047dc,queen,1303.6140676212417,1.0,0.2
col_e426afce41e3549e9144c6ee8c8047dc,col_81ad18034e5855e38b63dfffe608d3d3,queen,1303.6140676212417,1.0,0.3333333333333333
col_81ad18034e5855e38b63dfffe608d3d3,col_fff7ee1276da58efb088edf2d4f0141e,queen,1938.9229932875407,1.0,0.2
col_fff7ee1276da58efb088edf2d4f0141e,col_81ad18034e5855e38b63dfffe608d3d3,queen,1938.9229932875407,1.0,0.2
col_84c2fef5059c546e9a59e6816fb7e72b,col_8e89f7e8963258c3b4c0ec85deb35ae9,queen,536.489682176302,1.0,0.2
col_8e89f7e8963258c3b4c0ec85deb35ae9,col_84c2fef5059c546e9a59e6816fb7e72b,queen,536.489682176302,1.0,0.2
col_84c2fef5059c546e9a59e6816fb7e72b,col_9f7b23fc019150a58f8d3fa8ecb0545b,queen,811.4474912258661,1.0,0.2
col_9f7b23fc019150a58f8d3fa8ecb0545b,col_84c2fef5059c546e9a59e6816fb7e72b,queen,811.4474912258661,1.0,0.16666666666666666
col_84c2fef5059c546e9a59e6816fb7e72b,col_a069943804255517b1a44551a37b7d8e,queen,603.9872858610282,1.0,0.2
col_a069943804255517b1a44551a37b7d8e,col_84c2fef5059c546e9a59e6816fb7e72b,queen,603.9872858610282,1.0,0.16666666666666666
col_84c2fef5059c546e9a59e6816fb7e72b,col_a11503ab8f7b52ecba6e146f1cd2bcae,queen,418.5788085230629,1.0,0.2
col_a11503ab8f7b52ecba6e146f1cd2bcae,col_84c2fef5059c546e9a59e6816fb7e72b,queen,418.5788085230629,1.0,0.25
col_8dd63c1e84435db49a927bcd4b149776,col_bd478b6a570f533f803bd0118bf3f055,queen,1170.7511880480122,1.0,0.3333333333333333
col_bd478b6a570f533f803bd0118bf3f055,col_8dd63c1e84435db49a927bcd4b149776,queen,1170.7511880480122,1.0,0.2
col_8dd63c1e84435db49a927bcd4b149776,col_e38591c35bd05184a3caa0318add5f06,queen,1318.880621474134,1.0,0.3333333333333333
col_e38591c35bd05184a3caa0318add5f06,col_8dd63c1e84435db49a927bcd4b149776,queen,1318.880621474134,1.0,0.16666666666666666
col_8e89f7e8963258c3b4c0ec85deb35ae9,col_9f7b23fc019150a58f8d3fa8ecb0545b,queen,794.4414812476787,1.0,0.2
col_9f7b23fc019150a58f8d3fa8ecb0545b,col_8e89f7e8963258c3b4c0ec85deb35ae9,queen,794.4414812476787,1.0,0.16666666666666666
col_8e89f7e8963258c3b4c0ec85deb35ae9,col_a069943804255517b1a44551a37b7d8e,queen,985.579889419286,1.0,0.2
col_a069943804255517b1a44551a37b7d8e,col_8e89f7e8963258c3b4c0ec85deb35ae9,queen,985.579889419286,1.0,0.16666666666666666
col_8e89f7e8963258c3b4c0ec85deb35ae9,col_a11503ab8f7b52ecba6e146f1cd2bcae,queen,642.8969800786433,1.0,0.2
col_a11503ab8f7b52ecba6e146f1cd2bcae,col_8e89f7e8963258c3b4c0ec85deb35ae9,queen,642.8969800786433,1.0,0.25
col_926ff32000a751399a54daad7479254d,col_b0d667d100335a2cbd38dd885b4a49ae,queen,2118.9381058989993,1.0,0.25
col_b0d667d100335a2cbd38dd885b4a49ae,col_926ff32000a751399a54daad7479254d,queen,2118.9381058989993,1.0,0.25
col_92cd6e3f23155eedb10936246b2da76c,col_de2ee5e1ae0955e6845ef669ea127a75,queen,895.751881844663,1.0,0.2
col_de2ee5e1ae0955e6845ef669ea127a75,col_92cd6e3f23155eedb10936246b2da76c,queen,895.751881844663,1.0,0.5
col_92cd6e3f23155eedb10936246b2da76c,col_fb144842ece557ce8e184ba17ea11743,queen,1195.8544926049535,1.0,0.2
col_fb144842ece557ce8e184ba17ea11743,col_92cd6e3f23155eedb10936246b2da76c,queen,1195.8544926049535,1.0,0.2
col_9b8d9872383b59f7a23d22ab97fc79d8,col_a20da3b32dc95373bfc155a68e4197fa,queen,1298.6514376704301,1.0,0.25
col_a20da3b32dc95373bfc155a68e4197fa,col_9b8d9872383b59f7a23d22ab97fc79d8,queen,1298.6514376704301,1.0,0.25
col_9b8d9872383b59f7a23d22ab97fc79d8,col_b9647cb13b4b5ebebd069fd56e70a36f,queen,937.4464448749593,1.0,0.25
col_b9647cb13b4b5ebebd069fd56e70a36f,col_9b8d9872383b59f7a23d22ab97fc79d8,queen,937.4464448749593,1.0,0.2
col_9b8d9872383b59f7a23d22ab97fc79d8,col_eb93b25ca61954fa8e9ee2ca2ca57f16,queen,1434.7701508904743,1.0,0.25
col_eb93b25ca61954fa8e9ee2ca2ca57f16,col_9b8d9872383b59f7a23d22ab97fc79d8,queen,1434.7701508904743,1.0,0.3333333333333333
col_9bbea60acc995fa7b9c482efc14ebb94,col_a11503ab8f7b52ecba6e146f1cd2bcae,queen,324.78542399687797,1.0,0.2
col_a11503ab8f7b52ecba6e146f1cd2bcae,col_9bbea60acc995fa7b9c482efc14ebb94,queen,324.78542399687797,1.0,0.25
col_9bbea60acc995fa7b9c482efc14ebb94,col_f685e6afce2f59ffb8b623a8882cd0ef,queen,876.6342665330743,1.0,0.2
col_f685e6afce2f59ffb8b623a8882cd0ef,col_9bbea60acc995fa7b9c482efc14ebb94,queen,876.6342665330743,1.0,0.25
col_9f7b23fc019150a58f8d3fa8ecb0545b,col_a069943804255517b1a44551a37b7d8e,queen,634.1563660074094,1.0,0.16666666666666666
col_a069943804255517b1a44551a37b7d8e,col_9f7b23fc019150a58f8d3fa8ecb0545b,queen,634.1563660074094,1.0,0.16666666666666666
col_a069943804255517b1a44551a37b7d8e,col_f685e6afce2f59ffb8b623a8882cd0ef,queen,1120.3805765320003,1.0,0.16666666666666666
col_f685e6afce2f59ffb8b623a8882cd0ef,col_a069943804255517b1a44551a37b7d8e,queen,1120.3805765320003,1.0,0.25
col_a20da3b32dc95373bfc155a68e4197fa,col_eb93b25ca61954fa8e9ee2ca2ca57f16,queen,1807.5222108957616,1.0,0.25
col_eb93b25ca61954fa8e9ee2ca2ca57f16,col_a20da3b32dc95373bfc155a68e4197fa,queen,1807.5222108957616,1.0,0.3333333333333333
col_a20da3b32dc95373bfc155a68e4197fa,col_f1b446f58ae65b7f8a814bab39bf17dc,queen,1833.7105929848226,1.0,0.25
col_f1b446f58ae65b7f8a814bab39bf17dc,col_a20da3b32dc95373bfc155a68e4197fa,queen,1833.7105929848226,1.0,0.25
col_a21a9068f97957a2a0828f64e9102bde,col_e38591c35bd05184a3caa0318add5f06,queen,1392.3775044103343,1.0,0.3333333333333333
col_e38591c35bd05184a3caa0318add5f06,col_a21a9068f97957a2a0828f64e9102bde,queen,1392.3775044103343,1.0,0.16666666666666666
col_abad05146e545e0cb59abdc228f8373c,col_e426afce41e3549e9144c6ee8c8047dc,queen,1116.2117332239795,1.0,0.3333333333333333
col_e426afce41e3549e9144c6ee8c8047dc,col_abad05146e545e0cb59abdc228f8373c,queen,1116.2117332239795,1.0,0.3333333333333333
col_aeb67b70520e58b895caf170c4cc2b7b,col_eadac3374f095a63b927c12303b7218a,queen,372.25537191884865,1.0,0.3333333333333333
col_eadac3374f095a63b927c12303b7218a,col_aeb67b70520e58b895caf170c4cc2b7b,queen,372.25537191884865,1.0,0.5
col_aeb67b70520e58b895caf170c4cc2b7b,col_fff7ee1276da58efb088edf2d4f0141e,queen,1339.0331639351214,1.0,0.3333333333333333
col_fff7ee1276da58efb088edf2d4f0141e,col_aeb67b70520e58b895caf170c4cc2b7b,queen,1339.0331639351214,1.0,0.2
col_af634a3d6a0956f8930194b36da1dbde,col_bd478b6a570f533f803bd0118bf3f055,queen,913.9373520841187,1.0,0.5
col_bd478b6a570f533f803bd0118bf3f055,col_af634a3d6a0956f8930194b36da1dbde,queen,913.9373520841187,1.0,0.2
col_b9647cb13b4b5ebebd069fd56e70a36f,col_eb93b25ca61954fa8e9ee2ca2ca57f16,queen,1773.792740763498,1.0,0.2
col_eb93b25ca61954fa8e9ee2ca2ca57f16,col_b9647cb13b4b5ebebd069fd56e70a36f,queen,1773.792740763498,1.0,0.3333333333333333
col_bd478b6a570f533f803bd0118bf3f055,col_ffeedd6a32945225b84ecc416148dd76,queen,1210.5740292137348,1.0,0.2
col_ffeedd6a32945225b84ecc416148dd76,col_bd478b6a570f533f803bd0118bf3f055,queen,1210.5740292137348,1.0,0.25
col_c84c8cba11e05de082c7496795578d88,col_e38591c35bd05184a3caa0318add5f06,queen,514.0042295722138,1.0,0.3333333333333333
col_e38591c35bd05184a3caa0318add5f06,col_c84c8cba11e05de082c7496795578d88,queen,514.0042295722138,1.0,0.16666666666666666
col_c84c8cba11e05de082c7496795578d88,col_fb144842ece557ce8e184ba17ea11743,queen,391.98240958663564,1.0,0.3333333333333333
col_fb144842ece557ce8e184ba17ea11743,col_c84c8cba11e05de082c7496795578d88,queen,391.98240958663564,1.0,0.2
col_e38591c35bd05184a3caa0318add5f06,col_fb144842ece557ce8e184ba17ea11743,queen,447.978921821327,1.0,0.16666666666666666
col_fb144842ece557ce8e184ba17ea11743,col_e38591c35bd05184a3caa0318add5f06,queen,447.978921821327,1.0,0.2
col_ee0096c66b1754fb83cf4c4170f93dd6,col_fff7ee1276da58efb088edf2d4f0141e,queen,1021.9510536107593,1.0,1.0
col_fff7ee1276da58efb088edf2d4f0141e,col_ee0096c66b1754fb83cf4c4170f93dd6,queen,1021.9510536107593,1.0,0.2
